{"v":"5.5.2","fr":60,"ip":0,"op":360,"w":4000,"h":4000,"nm":"HA Logo - LOTTIE","ddd":0,"assets":[{"id":"comp_0","layers":[{"ddd":0,"ind":1,"ty":4,"nm":"Circle 14","sr":1,"ks":{"o":{"a":0,"k":100,"ix":11},"r":{"a":0,"k":0,"ix":10},"p":{"a":0,"k":[2000,1973,0],"ix":2},"a":{"a":0,"k":[0,0,0],"ix":1},"s":{"a":0,"k":[100,100,100],"ix":6}},"ao":0,"shapes":[{"ind":0,"ty":"sh","ix":1,"ks":{"a":0,"k":{"i":[[0,-42.53],[42.53,0],[0,42.53],[-42.53,0]],"o":[[0,42.53],[-42.53,0],[0,-42.53],[42.53,0]],"v":[[815.909,1053.932],[738.902,1130.939],[661.895,1053.932],[738.902,976.925]],"c":true},"ix":2},"nm":"Path 1","mn":"ADBE Vector Shape - Group","hd":false},{"ty":"tm","s":{"a":1,"k":[{"i":{"x":[0.833],"y":[0.833]},"o":{"x":[0.167],"y":[0.167]},"t":290,"s":[0]},{"t":300,"s":[100]}],"ix":1},"e":{"a":1,"k":[{"i":{"x":[0.833],"y":[0.833]},"o":{"x":[0.167],"y":[0.167]},"t":46,"s":[0]},{"t":58,"s":[100]}],"ix":2},"o":{"a":0,"k":0,"ix":3},"m":1,"ix":2,"nm":"Trim Paths 1","mn":"ADBE Vector Filter - Trim","hd":false},{"ty":"st","c":{"a":0,"k":[1,1,1,1],"ix":3},"o":{"a":0,"k":100,"ix":4},"w":{"a":0,"k":50,"ix":5},"lc":2,"lj":2,"bm":0,"nm":"Stroke 1","mn":"ADBE Vector Graphic - Stroke","hd":false}],"ip":0,"op":360,"st":0,"bm":0},{"ddd":0,"ind":2,"ty":4,"nm":"Circle 13","sr":1,"ks":{"o":{"a":0,"k":100,"ix":11},"r":{"a":0,"k":0,"ix":10},"p":{"a":0,"k":[2000,1973,0],"ix":2},"a":{"a":0,"k":[0,0,0],"ix":1},"s":{"a":0,"k":[100,100,100],"ix":6}},"ao":0,"shapes":[{"ind":0,"ty":"sh","ix":1,"ks":{"a":0,"k":{"i":[[0,-42.53],[42.53,0],[0,42.53],[-42.53,0]],"o":[[0,42.53],[-42.53,0],[0,-42.53],[42.53,0]],"v":[[-465.855,1132.105],[-542.861,1209.112],[-619.868,1132.105],[-542.861,1055.099]],"c":true},"ix":2},"nm":"Path 1","mn":"ADBE Vector Shape - Group","hd":false},{"ty":"tm","s":{"a":1,"k":[{"i":{"x":[0.833],"y":[0.833]},"o":{"x":[0.167],"y":[0.167]},"t":293,"s":[0]},{"t":305,"s":[100]}],"ix":1},"e":{"a":1,"k":[{"i":{"x":[0.833],"y":[0.833]},"o":{"x":[0.167],"y":[0.167]},"t":49,"s":[0]},{"t":61,"s":[100]}],"ix":2},"o":{"a":0,"k":0,"ix":3},"m":1,"ix":2,"nm":"Trim Paths 1","mn":"ADBE Vector Filter - Trim","hd":false},{"ty":"st","c":{"a":0,"k":[1,1,1,1],"ix":3},"o":{"a":0,"k":100,"ix":4},"w":{"a":0,"k":50,"ix":5},"lc":2,"lj":2,"bm":0,"nm":"Stroke 1","mn":"ADBE Vector Graphic - Stroke","hd":false}],"ip":0,"op":360,"st":0,"bm":0},{"ddd":0,"ind":3,"ty":4,"nm":"Circle 12","sr":1,"ks":{"o":{"a":0,"k":100,"ix":11},"r":{"a":0,"k":0,"ix":10},"p":{"a":0,"k":[2000,1973,0],"ix":2},"a":{"a":0,"k":[0,0,0],"ix":1},"s":{"a":0,"k":[100,100,100],"ix":6}},"ao":0,"shapes":[{"ind":0,"ty":"sh","ix":1,"ks":{"a":0,"k":{"i":[[0,-42.53],[42.53,0],[0,42.53],[-42.53,0]],"o":[[0,42.53],[-42.53,0],[0,-42.53],[42.53,0]],"v":[[-157.636,822.401],[-234.643,899.408],[-311.65,822.401],[-234.643,745.394]],"c":true},"ix":2},"nm":"Path 1","mn":"ADBE Vector Shape - Group","hd":false},{"ty":"tm","s":{"a":1,"k":[{"i":{"x":[0.833],"y":[0.833]},"o":{"x":[0.167],"y":[0.167]},"t":295,"s":[0]},{"t":307,"s":[100]}],"ix":1},"e":{"a":1,"k":[{"i":{"x":[0.833],"y":[0.833]},"o":{"x":[0.167],"y":[0.167]},"t":51,"s":[0]},{"t":64,"s":[100]}],"ix":2},"o":{"a":0,"k":0,"ix":3},"m":1,"ix":2,"nm":"Trim Paths 1","mn":"ADBE Vector Filter - Trim","hd":false},{"ty":"st","c":{"a":0,"k":[1,1,1,1],"ix":3},"o":{"a":0,"k":100,"ix":4},"w":{"a":0,"k":50,"ix":5},"lc":2,"lj":2,"bm":0,"nm":"Stroke 1","mn":"ADBE Vector Graphic - Stroke","hd":false}],"ip":0,"op":360,"st":0,"bm":0},{"ddd":0,"ind":4,"ty":4,"nm":"Circle 11","sr":1,"ks":{"o":{"a":0,"k":100,"ix":11},"r":{"a":0,"k":0,"ix":10},"p":{"a":0,"k":[2000,1973,0],"ix":2},"a":{"a":0,"k":[0,0,0],"ix":1},"s":{"a":0,"k":[100,100,100],"ix":6}},"ao":0,"shapes":[{"ind":0,"ty":"sh","ix":1,"ks":{"a":0,"k":{"i":[[0,-42.53],[42.53,0],[0,42.53],[-42.53,0]],"o":[[0,42.53],[-42.53,0],[0,-42.53],[42.53,0]],"v":[[695.511,706.891],[618.504,783.898],[541.497,706.891],[618.504,629.884]],"c":true},"ix":2},"nm":"Path 1","mn":"ADBE Vector Shape - Group","hd":false},{"ty":"tm","s":{"a":1,"k":[{"i":{"x":[0.833],"y":[0.833]},"o":{"x":[0.167],"y":[0.167]},"t":309,"s":[0]},{"t":319,"s":[100]}],"ix":1},"e":{"a":1,"k":[{"i":{"x":[0.833],"y":[0.833]},"o":{"x":[0.167],"y":[0.167]},"t":65,"s":[0]},{"t":78,"s":[100]}],"ix":2},"o":{"a":0,"k":0,"ix":3},"m":1,"ix":2,"nm":"Trim Paths 1","mn":"ADBE Vector Filter - Trim","hd":false},{"ty":"st","c":{"a":0,"k":[1,1,1,1],"ix":3},"o":{"a":0,"k":100,"ix":4},"w":{"a":0,"k":50,"ix":5},"lc":2,"lj":2,"bm":0,"nm":"Stroke 1","mn":"ADBE Vector Graphic - Stroke","hd":false}],"ip":0,"op":360,"st":0,"bm":0},{"ddd":0,"ind":5,"ty":4,"nm":"Circle 10","sr":1,"ks":{"o":{"a":0,"k":100,"ix":11},"r":{"a":0,"k":0,"ix":10},"p":{"a":0,"k":[2000,1973,0],"ix":2},"a":{"a":0,"k":[0,0,0],"ix":1},"s":{"a":0,"k":[100,100,100],"ix":6}},"ao":0,"shapes":[{"ind":0,"ty":"sh","ix":1,"ks":{"a":0,"k":{"i":[[0,-42.53],[42.53,0],[0,42.53],[-42.53,0]],"o":[[0,42.53],[-42.53,0],[0,-42.53],[42.53,0]],"v":[[-497.881,670.937],[-574.888,747.943],[-651.895,670.937],[-574.888,593.93]],"c":true},"ix":2},"nm":"Path 1","mn":"ADBE Vector Shape - Group","hd":false},{"ty":"tm","s":{"a":1,"k":[{"i":{"x":[0.833],"y":[0.833]},"o":{"x":[0.167],"y":[0.167]},"t":297,"s":[0]},{"t":309,"s":[100]}],"ix":1},"e":{"a":1,"k":[{"i":{"x":[0.833],"y":[0.833]},"o":{"x":[0.167],"y":[0.167]},"t":54,"s":[0]},{"t":67,"s":[100]}],"ix":2},"o":{"a":0,"k":0,"ix":3},"m":1,"ix":2,"nm":"Trim Paths 1","mn":"ADBE Vector Filter - Trim","hd":false},{"ty":"st","c":{"a":0,"k":[1,1,1,1],"ix":3},"o":{"a":0,"k":100,"ix":4},"w":{"a":0,"k":50,"ix":5},"lc":2,"lj":2,"bm":0,"nm":"Stroke 1","mn":"ADBE Vector Graphic - Stroke","hd":false}],"ip":0,"op":360,"st":0,"bm":0},{"ddd":0,"ind":6,"ty":4,"nm":"Circle 9","sr":1,"ks":{"o":{"a":0,"k":100,"ix":11},"r":{"a":0,"k":0,"ix":10},"p":{"a":0,"k":[2000,1973,0],"ix":2},"a":{"a":0,"k":[0,0,0],"ix":1},"s":{"a":0,"k":[100,100,100],"ix":6}},"ao":0,"shapes":[{"ind":0,"ty":"sh","ix":1,"ks":{"a":0,"k":{"i":[[0,-42.53],[42.53,0],[0,42.53],[-42.53,0]],"o":[[0,42.53],[-42.53,0],[0,-42.53],[42.53,0]],"v":[[426.419,437.781],[349.413,514.788],[272.406,437.781],[349.413,360.775]],"c":true},"ix":2},"nm":"Path 1","mn":"ADBE Vector Shape - Group","hd":false},{"ty":"tm","s":{"a":1,"k":[{"i":{"x":[0.833],"y":[0.833]},"o":{"x":[0.167],"y":[0.167]},"t":305,"s":[0]},{"t":315,"s":[100]}],"ix":1},"e":{"a":1,"k":[{"i":{"x":[0.833],"y":[0.833]},"o":{"x":[0.167],"y":[0.167]},"t":62,"s":[0]},{"t":75,"s":[100]}],"ix":2},"o":{"a":0,"k":0,"ix":3},"m":1,"ix":2,"nm":"Trim Paths 1","mn":"ADBE Vector Filter - Trim","hd":false},{"ty":"st","c":{"a":0,"k":[1,1,1,1],"ix":3},"o":{"a":0,"k":100,"ix":4},"w":{"a":0,"k":50,"ix":5},"lc":2,"lj":2,"bm":0,"nm":"Stroke 1","mn":"ADBE Vector Graphic - Stroke","hd":false}],"ip":0,"op":360,"st":0,"bm":0},{"ddd":0,"ind":7,"ty":4,"nm":"Circle 8","sr":1,"ks":{"o":{"a":0,"k":100,"ix":11},"r":{"a":0,"k":0,"ix":10},"p":{"a":0,"k":[2000,1973,0],"ix":2},"a":{"a":0,"k":[0,0,0],"ix":1},"s":{"a":0,"k":[100,100,100],"ix":6}},"ao":0,"shapes":[{"ind":0,"ty":"sh","ix":1,"ks":{"a":0,"k":{"i":[[0,-42.53],[42.53,0],[0,42.53],[-42.53,0]],"o":[[0,42.53],[-42.53,0],[0,-42.53],[42.53,0]],"v":[[-633.868,283.768],[-710.875,360.775],[-787.882,283.768],[-710.875,206.761]],"c":true},"ix":2},"nm":"Path 1","mn":"ADBE Vector Shape - Group","hd":false},{"ty":"tm","s":{"a":1,"k":[{"i":{"x":[0.833],"y":[0.833]},"o":{"x":[0.167],"y":[0.167]},"t":303,"s":[0]},{"t":312,"s":[100]}],"ix":1},"e":{"a":1,"k":[{"i":{"x":[0.833],"y":[0.833]},"o":{"x":[0.167],"y":[0.167]},"t":59,"s":[0]},{"t":72,"s":[100]}],"ix":2},"o":{"a":0,"k":0,"ix":3},"m":1,"ix":2,"nm":"Trim Paths 1","mn":"ADBE Vector Filter - Trim","hd":false},{"ty":"st","c":{"a":0,"k":[1,1,1,1],"ix":3},"o":{"a":0,"k":100,"ix":4},"w":{"a":0,"k":50,"ix":5},"lc":2,"lj":2,"bm":0,"nm":"Stroke 1","mn":"ADBE Vector Graphic - Stroke","hd":false}],"ip":0,"op":360,"st":0,"bm":0},{"ddd":0,"ind":8,"ty":4,"nm":"Circle 7","sr":1,"ks":{"o":{"a":0,"k":100,"ix":11},"r":{"a":0,"k":0,"ix":10},"p":{"a":0,"k":[2000,1973,0],"ix":2},"a":{"a":0,"k":[0,0,0],"ix":1},"s":{"a":0,"k":[100,100,100],"ix":6}},"ao":0,"shapes":[{"ind":0,"ty":"sh","ix":1,"ks":{"a":0,"k":{"i":[[0,-42.53],[42.53,0],[0,42.53],[-42.53,0]],"o":[[0,42.53],[-42.53,0],[0,-42.53],[42.53,0]],"v":[[882.374,13.808],[805.367,90.815],[728.36,13.808],[805.367,-63.199]],"c":true},"ix":2},"nm":"Path 1","mn":"ADBE Vector Shape - Group","hd":false},{"ty":"tm","s":{"a":1,"k":[{"i":{"x":[0.833],"y":[0.833]},"o":{"x":[0.167],"y":[0.167]},"t":313,"s":[0]},{"t":322,"s":[100]}],"ix":1},"e":{"a":1,"k":[{"i":{"x":[0.833],"y":[0.833]},"o":{"x":[0.167],"y":[0.167]},"t":68,"s":[0]},{"t":81,"s":[100]}],"ix":2},"o":{"a":0,"k":0,"ix":3},"m":1,"ix":2,"nm":"Trim Paths 1","mn":"ADBE Vector Filter - Trim","hd":false},{"ty":"st","c":{"a":0,"k":[1,1,1,1],"ix":3},"o":{"a":0,"k":100,"ix":4},"w":{"a":0,"k":50,"ix":5},"lc":2,"lj":2,"bm":0,"nm":"Stroke 1","mn":"ADBE Vector Graphic - Stroke","hd":false}],"ip":0,"op":360,"st":0,"bm":0},{"ddd":0,"ind":9,"ty":4,"nm":"Circle 6","sr":1,"ks":{"o":{"a":0,"k":100,"ix":11},"r":{"a":0,"k":0,"ix":10},"p":{"a":0,"k":[2000,1973,0],"ix":2},"a":{"a":0,"k":[0,0,0],"ix":1},"s":{"a":0,"k":[100,100,100],"ix":6}},"ao":0,"shapes":[{"ind":0,"ty":"sh","ix":1,"ks":{"a":0,"k":{"i":[[0,-42.53],[42.53,0],[0,42.53],[-42.53,0]],"o":[[0,42.53],[-42.53,0],[0,-42.53],[42.53,0]],"v":[[503.426,13.808],[426.419,90.815],[349.413,13.808],[426.419,-63.199]],"c":true},"ix":2},"nm":"Path 1","mn":"ADBE Vector Shape - Group","hd":false},{"ty":"tm","s":{"a":1,"k":[{"i":{"x":[0.833],"y":[0.833]},"o":{"x":[0.167],"y":[0.167]},"t":316,"s":[0]},{"t":326,"s":[100]}],"ix":1},"e":{"a":1,"k":[{"i":{"x":[0.833],"y":[0.833]},"o":{"x":[0.167],"y":[0.167]},"t":71,"s":[0]},{"t":84,"s":[100]}],"ix":2},"o":{"a":0,"k":0,"ix":3},"m":1,"ix":2,"nm":"Trim Paths 1","mn":"ADBE Vector Filter - Trim","hd":false},{"ty":"st","c":{"a":0,"k":[1,1,1,1],"ix":3},"o":{"a":0,"k":100,"ix":4},"w":{"a":0,"k":50,"ix":5},"lc":2,"lj":2,"bm":0,"nm":"Stroke 1","mn":"ADBE Vector Graphic - Stroke","hd":false}],"ip":0,"op":360,"st":0,"bm":0},{"ddd":0,"ind":10,"ty":4,"nm":"Circle 5","sr":1,"ks":{"o":{"a":0,"k":100,"ix":11},"r":{"a":0,"k":0,"ix":10},"p":{"a":0,"k":[2000,1973,0],"ix":2},"a":{"a":0,"k":[0,0,0],"ix":1},"s":{"a":0,"k":[100,100,100],"ix":6}},"ao":0,"shapes":[{"ind":0,"ty":"sh","ix":1,"ks":{"a":0,"k":{"i":[[0,-42.53],[42.53,0],[0,42.53],[-42.53,0]],"o":[[0,42.53],[-42.53,0],[0,-42.53],[42.53,0]],"v":[[-248.643,13.808],[-325.65,90.815],[-402.656,13.808],[-325.65,-63.199]],"c":true},"ix":2},"nm":"Path 1","mn":"ADBE Vector Shape - Group","hd":false},{"ty":"tm","s":{"a":1,"k":[{"i":{"x":[0.833],"y":[0.833]},"o":{"x":[0.167],"y":[0.167]},"t":320,"s":[0]},{"t":329,"s":[100]}],"ix":1},"e":{"a":1,"k":[{"i":{"x":[0.833],"y":[0.833]},"o":{"x":[0.167],"y":[0.167]},"t":75,"s":[0]},{"t":88,"s":[100]}],"ix":2},"o":{"a":0,"k":0,"ix":3},"m":1,"ix":2,"nm":"Trim Paths 1","mn":"ADBE Vector Filter - Trim","hd":false},{"ty":"st","c":{"a":0,"k":[1,1,1,1],"ix":3},"o":{"a":0,"k":100,"ix":4},"w":{"a":0,"k":50,"ix":5},"lc":2,"lj":2,"bm":0,"nm":"Stroke 1","mn":"ADBE Vector Graphic - Stroke","hd":false}],"ip":0,"op":360,"st":0,"bm":0},{"ddd":0,"ind":11,"ty":4,"nm":"Circle 4","sr":1,"ks":{"o":{"a":0,"k":100,"ix":11},"r":{"a":0,"k":0,"ix":10},"p":{"a":0,"k":[2000,1973,0],"ix":2},"a":{"a":0,"k":[0,0,0],"ix":1},"s":{"a":0,"k":[100,100,100],"ix":6}},"ao":0,"shapes":[{"ind":0,"ty":"sh","ix":1,"ks":{"a":0,"k":{"i":[[0,-42.53],[42.53,0],[0,42.53],[-42.53,0]],"o":[[0,42.53],[-42.53,0],[0,-42.53],[42.53,0]],"v":[[697.511,-258.85],[620.504,-181.843],[543.497,-258.85],[620.504,-335.857]],"c":true},"ix":2},"nm":"Path 1","mn":"ADBE Vector Shape - Group","hd":false},{"ty":"tm","s":{"a":1,"k":[{"i":{"x":[0.833],"y":[0.833]},"o":{"x":[0.167],"y":[0.167]},"t":325,"s":[0]},{"t":335,"s":[100]}],"ix":1},"e":{"a":1,"k":[{"i":{"x":[0.833],"y":[0.833]},"o":{"x":[0.167],"y":[0.167]},"t":81,"s":[0]},{"t":94,"s":[100]}],"ix":2},"o":{"a":0,"k":0,"ix":3},"m":1,"ix":2,"nm":"Trim Paths 1","mn":"ADBE Vector Filter - Trim","hd":false},{"ty":"st","c":{"a":0,"k":[1,1,1,1],"ix":3},"o":{"a":0,"k":100,"ix":4},"w":{"a":0,"k":50,"ix":5},"lc":2,"lj":2,"bm":0,"nm":"Stroke 1","mn":"ADBE Vector Graphic - Stroke","hd":false}],"ip":0,"op":360,"st":0,"bm":0},{"ddd":0,"ind":12,"ty":4,"nm":"Circle 3","sr":1,"ks":{"o":{"a":0,"k":100,"ix":11},"r":{"a":0,"k":0,"ix":10},"p":{"a":0,"k":[2000,1973,0],"ix":2},"a":{"a":0,"k":[0,0,0],"ix":1},"s":{"a":0,"k":[100,100,100],"ix":6}},"ao":0,"shapes":[{"ind":0,"ty":"sh","ix":1,"ks":{"a":0,"k":{"i":[[0,-42.53],[42.53,0],[0,42.53],[-42.53,0]],"o":[[0,42.53],[-42.53,0],[0,-42.53],[42.53,0]],"v":[[-497.881,-258.85],[-574.888,-181.843],[-651.895,-258.85],[-574.888,-335.857]],"c":true},"ix":2},"nm":"Path 1","mn":"ADBE Vector Shape - Group","hd":false},{"ty":"tm","s":{"a":1,"k":[{"i":{"x":[0.833],"y":[0.833]},"o":{"x":[0.167],"y":[0.167]},"t":323,"s":[0]},{"t":332,"s":[100]}],"ix":1},"e":{"a":1,"k":[{"i":{"x":[0.833],"y":[0.833]},"o":{"x":[0.167],"y":[0.167]},"t":78,"s":[0]},{"t":91,"s":[100]}],"ix":2},"o":{"a":0,"k":0,"ix":3},"m":1,"ix":2,"nm":"Trim Paths 1","mn":"ADBE Vector Filter - Trim","hd":false},{"ty":"st","c":{"a":0,"k":[1,1,1,1],"ix":3},"o":{"a":0,"k":100,"ix":4},"w":{"a":0,"k":50,"ix":5},"lc":2,"lj":2,"bm":0,"nm":"Stroke 1","mn":"ADBE Vector Graphic - Stroke","hd":false}],"ip":0,"op":360,"st":0,"bm":0},{"ddd":0,"ind":13,"ty":4,"nm":"Circle 2","sr":1,"ks":{"o":{"a":0,"k":100,"ix":11},"r":{"a":0,"k":0,"ix":10},"p":{"a":0,"k":[2000,1973,0],"ix":2},"a":{"a":0,"k":[0,0,0],"ix":1},"s":{"a":0,"k":[100,100,100],"ix":6}},"ao":0,"shapes":[{"ind":0,"ty":"sh","ix":1,"ks":{"a":0,"k":{"i":[[0,-42.53],[42.53,0],[0,42.53],[-42.53,0]],"o":[[0,42.53],[-42.53,0],[0,-42.53],[42.53,0]],"v":[[274.406,-521.849],[197.399,-444.842],[120.393,-521.849],[197.399,-598.855]],"c":true},"ix":2},"nm":"Path 1","mn":"ADBE Vector Shape - Group","hd":false},{"ty":"tm","s":{"a":1,"k":[{"i":{"x":[0.833],"y":[0.833]},"o":{"x":[0.167],"y":[0.167]},"t":332,"s":[0]},{"t":342,"s":[100]}],"ix":1},"e":{"a":1,"k":[{"i":{"x":[0.833],"y":[0.833]},"o":{"x":[0.167],"y":[0.167]},"t":88,"s":[0]},{"t":101,"s":[100]}],"ix":2},"o":{"a":0,"k":0,"ix":3},"m":1,"ix":2,"nm":"Trim Paths 1","mn":"ADBE Vector Filter - Trim","hd":false},{"ty":"st","c":{"a":0,"k":[1,1,1,1],"ix":3},"o":{"a":0,"k":100,"ix":4},"w":{"a":0,"k":50,"ix":5},"lc":2,"lj":2,"bm":0,"nm":"Stroke 1","mn":"ADBE Vector Graphic - Stroke","hd":false}],"ip":0,"op":360,"st":0,"bm":0},{"ddd":0,"ind":14,"ty":4,"nm":"Circle 1","sr":1,"ks":{"o":{"a":0,"k":100,"ix":11},"r":{"a":0,"k":0,"ix":10},"p":{"a":0,"k":[2000,1973,0],"ix":2},"a":{"a":0,"k":[0,0,0],"ix":1},"s":{"a":0,"k":[100,100,100],"ix":6}},"ao":0,"shapes":[{"ind":0,"ty":"sh","ix":1,"ks":{"a":0,"k":{"i":[[0,-42.53],[42.53,0],[0,42.53],[-42.53,0]],"o":[[0,42.53],[-42.53,0],[0,-42.53],[42.53,0]],"v":[[-120.39,-521.849],[-197.396,-444.842],[-274.403,-521.849],[-197.396,-598.855]],"c":true},"ix":2},"nm":"Path 1","mn":"ADBE Vector Shape - Group","hd":false},{"ty":"tm","s":{"a":1,"k":[{"i":{"x":[0.833],"y":[0.833]},"o":{"x":[0.167],"y":[0.167]},"t":329,"s":[0]},{"t":338,"s":[100]}],"ix":1},"e":{"a":1,"k":[{"i":{"x":[0.833],"y":[0.833]},"o":{"x":[0.167],"y":[0.167]},"t":84,"s":[0]},{"t":97,"s":[100]}],"ix":2},"o":{"a":0,"k":0,"ix":3},"m":1,"ix":2,"nm":"Trim Paths 1","mn":"ADBE Vector Filter - Trim","hd":false},{"ty":"st","c":{"a":0,"k":[1,1,1,1],"ix":3},"o":{"a":0,"k":100,"ix":4},"w":{"a":0,"k":50,"ix":5},"lc":2,"lj":2,"bm":0,"nm":"Stroke 1","mn":"ADBE Vector Graphic - Stroke","hd":false}],"ip":0,"op":360,"st":0,"bm":0}]},{"id":"comp_1","layers":[{"ddd":0,"ind":1,"ty":1,"nm":"42","sr":1,"ks":{"o":{"a":0,"k":100,"ix":11},"r":{"a":0,"k":0,"ix":10},"p":{"a":0,"k":[2000,1973,0],"ix":2},"a":{"a":0,"k":[2000,2000,0],"ix":1},"s":{"a":0,"k":[100,100,100],"ix":6}},"ao":0,"hasMask":true,"masksProperties":[{"inv":false,"mode":"f","pt":{"a":0,"k":{"i":[[0,-42.53],[42.53,0],[0,42.53],[-42.53,0]],"o":[[0,42.53],[-42.53,0],[0,-42.53],[42.53,0]],"v":[[1879.61,1478.151],[1802.604,1555.158],[1725.597,1478.151],[1802.604,1401.145]],"c":true},"ix":1},"o":{"a":0,"k":100,"ix":3},"x":{"a":0,"k":0,"ix":4},"nm":"1"}],"sw":4000,"sh":4000,"sc":"#ffffff","ip":284,"op":309,"st":139,"bm":0},{"ddd":0,"ind":2,"ty":1,"nm":"41","sr":1,"ks":{"o":{"a":0,"k":100,"ix":11},"r":{"a":0,"k":0,"ix":10},"p":{"a":0,"k":[2000,1973,0],"ix":2},"a":{"a":0,"k":[2000,2000,0],"ix":1},"s":{"a":0,"k":[100,100,100],"ix":6}},"ao":0,"hasMask":true,"masksProperties":[{"inv":false,"mode":"f","pt":{"a":0,"k":{"i":[[0,-42.53],[42.53,0],[0,42.53],[-42.53,0]],"o":[[0,42.53],[-42.53,0],[0,-42.53],[42.53,0]],"v":[[2274.406,1478.151],[2197.399,1555.158],[2120.393,1478.151],[2197.399,1401.145]],"c":true},"ix":1},"o":{"a":0,"k":100,"ix":3},"x":{"a":0,"k":0,"ix":4},"nm":"2"}],"sw":4000,"sh":4000,"sc":"#ffffff","ip":287,"op":312,"st":136,"bm":0},{"ddd":0,"ind":3,"ty":1,"nm":"40","sr":1,"ks":{"o":{"a":0,"k":100,"ix":11},"r":{"a":0,"k":0,"ix":10},"p":{"a":0,"k":[2000,1973,0],"ix":2},"a":{"a":0,"k":[2000,2000,0],"ix":1},"s":{"a":0,"k":[100,100,100],"ix":6}},"ao":0,"hasMask":true,"masksProperties":[{"inv":false,"mode":"f","pt":{"a":0,"k":{"i":[[0,-42.53],[42.53,0],[0,42.53],[-42.53,0]],"o":[[0,42.53],[-42.53,0],[0,-42.53],[42.53,0]],"v":[[1502.119,1741.15],[1425.112,1818.157],[1348.105,1741.15],[1425.112,1664.143]],"c":true},"ix":1},"o":{"a":0,"k":100,"ix":3},"x":{"a":0,"k":0,"ix":4},"nm":"3"}],"sw":4000,"sh":4000,"sc":"#ffffff","ip":276,"op":303,"st":139,"bm":0},{"ddd":0,"ind":4,"ty":1,"nm":"39","sr":1,"ks":{"o":{"a":0,"k":100,"ix":11},"r":{"a":0,"k":0,"ix":10},"p":{"a":0,"k":[2000,1973,0],"ix":2},"a":{"a":0,"k":[2000,2000,0],"ix":1},"s":{"a":0,"k":[100,100,100],"ix":6}},"ao":0,"hasMask":true,"masksProperties":[{"inv":false,"mode":"f","pt":{"a":0,"k":{"i":[[0,-42.53],[42.53,0],[0,42.53],[-42.53,0]],"o":[[0,42.53],[-42.53,0],[0,-42.53],[42.53,0]],"v":[[2697.511,1741.15],[2620.504,1818.157],[2543.497,1741.15],[2620.504,1664.143]],"c":true},"ix":1},"o":{"a":0,"k":100,"ix":3},"x":{"a":0,"k":0,"ix":4},"nm":"4"}],"sw":4000,"sh":4000,"sc":"#ffffff","ip":281,"op":305,"st":139,"bm":0},{"ddd":0,"ind":5,"ty":1,"nm":"38","sr":1,"ks":{"o":{"a":0,"k":100,"ix":11},"r":{"a":0,"k":0,"ix":10},"p":{"a":0,"k":[2000,1973,0],"ix":2},"a":{"a":0,"k":[2000,2000,0],"ix":1},"s":{"a":0,"k":[100,100,100],"ix":6}},"ao":0,"hasMask":true,"masksProperties":[{"inv":false,"mode":"f","pt":{"a":0,"k":{"i":[[0,-42.53],[42.53,0],[0,42.53],[-42.53,0]],"o":[[0,42.53],[-42.53,0],[0,-42.53],[42.53,0]],"v":[[1751.357,2013.808],[1674.35,2090.814],[1597.344,2013.808],[1674.35,1936.801]],"c":true},"ix":1},"o":{"a":0,"k":100,"ix":3},"x":{"a":0,"k":0,"ix":4},"nm":"5"}],"sw":4000,"sh":4000,"sc":"#ffffff","ip":274,"op":299,"st":139,"bm":0},{"ddd":0,"ind":6,"ty":1,"nm":"37","sr":1,"ks":{"o":{"a":0,"k":100,"ix":11},"r":{"a":0,"k":0,"ix":10},"p":{"a":0,"k":[2000,1973,0],"ix":2},"a":{"a":0,"k":[2000,2000,0],"ix":1},"s":{"a":0,"k":[100,100,100],"ix":6}},"ao":0,"hasMask":true,"masksProperties":[{"inv":false,"mode":"f","pt":{"a":0,"k":{"i":[[0,-42.53],[42.53,0],[0,42.53],[-42.53,0]],"o":[[0,42.53],[-42.53,0],[0,-42.53],[42.53,0]],"v":[[2503.426,2013.808],[2426.419,2090.814],[2349.413,2013.808],[2426.419,1936.801]],"c":true},"ix":1},"o":{"a":0,"k":100,"ix":3},"x":{"a":0,"k":0,"ix":4},"nm":"6"}],"sw":4000,"sh":4000,"sc":"#ffffff","ip":271,"op":295,"st":139,"bm":0},{"ddd":0,"ind":7,"ty":1,"nm":"36","sr":1,"ks":{"o":{"a":0,"k":100,"ix":11},"r":{"a":0,"k":0,"ix":10},"p":{"a":0,"k":[2000,1973,0],"ix":2},"a":{"a":0,"k":[2000,2000,0],"ix":1},"s":{"a":0,"k":[100,100,100],"ix":6}},"ao":0,"hasMask":true,"masksProperties":[{"inv":false,"mode":"f","pt":{"a":0,"k":{"i":[[0,-42.53],[42.53,0],[0,42.53],[-42.53,0]],"o":[[0,42.53],[-42.53,0],[0,-42.53],[42.53,0]],"v":[[2882.374,2013.808],[2805.367,2090.814],[2728.36,2013.808],[2805.367,1936.801]],"c":true},"ix":1},"o":{"a":0,"k":100,"ix":3},"x":{"a":0,"k":0,"ix":4},"nm":"7"}],"sw":4000,"sh":4000,"sc":"#ffffff","ip":268,"op":293,"st":139,"bm":0},{"ddd":0,"ind":8,"ty":1,"nm":"35","sr":1,"ks":{"o":{"a":0,"k":100,"ix":11},"r":{"a":0,"k":0,"ix":10},"p":{"a":0,"k":[2000,1973,0],"ix":2},"a":{"a":0,"k":[2000,2000,0],"ix":1},"s":{"a":0,"k":[100,100,100],"ix":6}},"ao":0,"hasMask":true,"masksProperties":[{"inv":false,"mode":"f","pt":{"a":0,"k":{"i":[[0,-42.53],[42.53,0],[0,42.529],[-42.53,0]],"o":[[0,42.529],[-42.53,0],[0,-42.53],[42.53,0]],"v":[[1366.132,2283.768],[1289.125,2360.775],[1212.118,2283.768],[1289.125,2206.761]],"c":true},"ix":1},"o":{"a":0,"k":100,"ix":3},"x":{"a":0,"k":0,"ix":4},"nm":"8"}],"sw":4000,"sh":4000,"sc":"#ffffff","ip":259,"op":282,"st":139,"bm":0},{"ddd":0,"ind":9,"ty":1,"nm":"34","sr":1,"ks":{"o":{"a":0,"k":100,"ix":11},"r":{"a":0,"k":0,"ix":10},"p":{"a":0,"k":[2000,1973,0],"ix":2},"a":{"a":0,"k":[2000,2000,0],"ix":1},"s":{"a":0,"k":[100,100,100],"ix":6}},"ao":0,"hasMask":true,"masksProperties":[{"inv":false,"mode":"f","pt":{"a":0,"k":{"i":[[0,-42.529],[42.53,0],[0,42.53],[-42.53,0]],"o":[[0,42.53],[-42.53,0],[0,-42.529],[42.53,0]],"v":[[2426.419,2437.781],[2349.413,2514.788],[2272.406,2437.781],[2349.413,2360.775]],"c":true},"ix":1},"o":{"a":0,"k":100,"ix":3},"x":{"a":0,"k":0,"ix":4},"nm":"9"}],"sw":4000,"sh":4000,"sc":"#ffffff","ip":261,"op":285,"st":139,"bm":0},{"ddd":0,"ind":10,"ty":1,"nm":"33","sr":1,"ks":{"o":{"a":0,"k":100,"ix":11},"r":{"a":0,"k":0,"ix":10},"p":{"a":0,"k":[2000,1973,0],"ix":2},"a":{"a":0,"k":[2000,2000,0],"ix":1},"s":{"a":0,"k":[100,100,100],"ix":6}},"ao":0,"hasMask":true,"masksProperties":[{"inv":false,"mode":"f","pt":{"a":0,"k":{"i":[[0,-42.53],[42.53,0],[0,42.53],[-42.53,0]],"o":[[0,42.53],[-42.53,0],[0,-42.53],[42.53,0]],"v":[[1502.119,2670.937],[1425.112,2747.943],[1348.105,2670.937],[1425.112,2593.93]],"c":true},"ix":1},"o":{"a":0,"k":100,"ix":3},"x":{"a":0,"k":0,"ix":4},"nm":"10"}],"sw":4000,"sh":4000,"sc":"#ffffff","ip":265,"op":279,"st":139,"bm":0},{"ddd":0,"ind":11,"ty":1,"nm":"32","sr":1,"ks":{"o":{"a":0,"k":100,"ix":11},"r":{"a":0,"k":0,"ix":10},"p":{"a":0,"k":[2000,1973,0],"ix":2},"a":{"a":0,"k":[2000,2000,0],"ix":1},"s":{"a":0,"k":[100,100,100],"ix":6}},"ao":0,"hasMask":true,"masksProperties":[{"inv":false,"mode":"f","pt":{"a":0,"k":{"i":[[0,-42.53],[42.53,0],[0,42.53],[-42.53,0]],"o":[[0,42.53],[-42.53,0],[0,-42.53],[42.53,0]],"v":[[2695.511,2706.891],[2618.504,2783.897],[2541.497,2706.891],[2618.504,2629.884]],"c":true},"ix":1},"o":{"a":0,"k":100,"ix":3},"x":{"a":0,"k":0,"ix":4},"nm":"11"}],"sw":4000,"sh":4000,"sc":"#ffffff","ip":255,"op":289,"st":139,"bm":0},{"ddd":0,"ind":12,"ty":1,"nm":"31","sr":1,"ks":{"o":{"a":0,"k":100,"ix":11},"r":{"a":0,"k":0,"ix":10},"p":{"a":0,"k":[2000,1973,0],"ix":2},"a":{"a":0,"k":[2000,2000,0],"ix":1},"s":{"a":0,"k":[100,100,100],"ix":6}},"ao":0,"hasMask":true,"masksProperties":[{"inv":false,"mode":"f","pt":{"a":0,"k":{"i":[[0,-42.53],[42.53,0],[0,42.53],[-42.53,0]],"o":[[0,42.53],[-42.53,0],[0,-42.53],[42.53,0]],"v":[[1842.364,2822.401],[1765.357,2899.408],[1688.35,2822.401],[1765.357,2745.394]],"c":true},"ix":1},"o":{"a":0,"k":100,"ix":3},"x":{"a":0,"k":0,"ix":4},"nm":"12"}],"sw":4000,"sh":4000,"sc":"#ffffff","ip":251,"op":276,"st":139,"bm":0},{"ddd":0,"ind":13,"ty":1,"nm":"30","sr":1,"ks":{"o":{"a":0,"k":100,"ix":11},"r":{"a":0,"k":0,"ix":10},"p":{"a":0,"k":[2000,1973,0],"ix":2},"a":{"a":0,"k":[2000,2000,0],"ix":1},"s":{"a":0,"k":[100,100,100],"ix":6}},"ao":0,"hasMask":true,"masksProperties":[{"inv":false,"mode":"f","pt":{"a":0,"k":{"i":[[0,-42.53],[42.53,0],[0,42.529],[-42.53,0]],"o":[[0,42.529],[-42.53,0],[0,-42.53],[42.53,0]],"v":[[1534.145,3132.105],[1457.139,3209.112],[1380.132,3132.105],[1457.139,3055.099]],"c":true},"ix":1},"o":{"a":0,"k":100,"ix":3},"x":{"a":0,"k":0,"ix":4},"nm":"13"}],"sw":4000,"sh":4000,"sc":"#ffffff","ip":248,"op":273,"st":139,"bm":0},{"ddd":0,"ind":14,"ty":1,"nm":"29","sr":1,"ks":{"o":{"a":0,"k":100,"ix":11},"r":{"a":0,"k":0,"ix":10},"p":{"a":0,"k":[2000,1973,0],"ix":2},"a":{"a":0,"k":[2000,2000,0],"ix":1},"s":{"a":0,"k":[100,100,100],"ix":6}},"ao":0,"hasMask":true,"masksProperties":[{"inv":false,"mode":"f","pt":{"a":0,"k":{"i":[[0,-42.53],[42.53,0],[0,42.53],[-42.53,0]],"o":[[0,42.53],[-42.53,0],[0,-42.53],[42.53,0]],"v":[[2815.909,3053.932],[2738.902,3130.939],[2661.895,3053.932],[2738.902,2976.925]],"c":true},"ix":1},"o":{"a":0,"k":100,"ix":3},"x":{"a":0,"k":0,"ix":4},"nm":"14"}],"sw":4000,"sh":4000,"sc":"#ffffff","ip":245,"op":270,"st":139,"bm":0},{"ddd":0,"ind":15,"ty":1,"nm":"28","sr":1,"ks":{"o":{"a":0,"k":100,"ix":11},"r":{"a":0,"k":0,"ix":10},"p":{"a":0,"k":[2000,1973,0],"ix":2},"a":{"a":0,"k":[2000,2000,0],"ix":1},"s":{"a":0,"k":[100,100,100],"ix":6}},"ao":0,"hasMask":true,"masksProperties":[{"inv":false,"mode":"f","pt":{"a":0,"k":{"i":[[0,-42.53],[42.53,0],[0,42.53],[-42.53,0]],"o":[[0,42.53],[-42.53,0],[0,-42.53],[42.53,0]],"v":[[1879.61,1478.151],[1802.604,1555.158],[1725.597,1478.151],[1802.604,1401.145]],"c":true},"ix":1},"o":{"a":0,"k":100,"ix":3},"x":{"a":0,"k":0,"ix":4},"nm":"1"}],"sw":4000,"sh":4000,"sc":"#ffffff","ip":211,"op":247,"st":66,"bm":0},{"ddd":0,"ind":16,"ty":1,"nm":"27","sr":1,"ks":{"o":{"a":0,"k":100,"ix":11},"r":{"a":0,"k":0,"ix":10},"p":{"a":0,"k":[2000,1973,0],"ix":2},"a":{"a":0,"k":[2000,2000,0],"ix":1},"s":{"a":0,"k":[100,100,100],"ix":6}},"ao":0,"hasMask":true,"masksProperties":[{"inv":false,"mode":"f","pt":{"a":0,"k":{"i":[[0,-42.53],[42.53,0],[0,42.53],[-42.53,0]],"o":[[0,42.53],[-42.53,0],[0,-42.53],[42.53,0]],"v":[[2274.406,1478.151],[2197.399,1555.158],[2120.393,1478.151],[2197.399,1401.145]],"c":true},"ix":1},"o":{"a":0,"k":100,"ix":3},"x":{"a":0,"k":0,"ix":4},"nm":"2"}],"sw":4000,"sh":4000,"sc":"#ffffff","ip":215,"op":251,"st":64,"bm":0},{"ddd":0,"ind":17,"ty":1,"nm":"26","sr":1,"ks":{"o":{"a":0,"k":100,"ix":11},"r":{"a":0,"k":0,"ix":10},"p":{"a":0,"k":[2000,1973,0],"ix":2},"a":{"a":0,"k":[2000,2000,0],"ix":1},"s":{"a":0,"k":[100,100,100],"ix":6}},"ao":0,"hasMask":true,"masksProperties":[{"inv":false,"mode":"f","pt":{"a":0,"k":{"i":[[0,-42.53],[42.53,0],[0,42.53],[-42.53,0]],"o":[[0,42.53],[-42.53,0],[0,-42.53],[42.53,0]],"v":[[1502.119,1741.15],[1425.112,1818.157],[1348.105,1741.15],[1425.112,1664.143]],"c":true},"ix":1},"o":{"a":0,"k":100,"ix":3},"x":{"a":0,"k":0,"ix":4},"nm":"3"}],"sw":4000,"sh":4000,"sc":"#ffffff","ip":204,"op":241,"st":67,"bm":0},{"ddd":0,"ind":18,"ty":1,"nm":"25","sr":1,"ks":{"o":{"a":0,"k":100,"ix":11},"r":{"a":0,"k":0,"ix":10},"p":{"a":0,"k":[2000,1973,0],"ix":2},"a":{"a":0,"k":[2000,2000,0],"ix":1},"s":{"a":0,"k":[100,100,100],"ix":6}},"ao":0,"hasMask":true,"masksProperties":[{"inv":false,"mode":"f","pt":{"a":0,"k":{"i":[[0,-42.53],[42.53,0],[0,42.53],[-42.53,0]],"o":[[0,42.53],[-42.53,0],[0,-42.53],[42.53,0]],"v":[[2697.511,1741.15],[2620.504,1818.157],[2543.497,1741.15],[2620.504,1664.143]],"c":true},"ix":1},"o":{"a":0,"k":100,"ix":3},"x":{"a":0,"k":0,"ix":4},"nm":"4"}],"sw":4000,"sh":4000,"sc":"#ffffff","ip":208,"op":244,"st":66,"bm":0},{"ddd":0,"ind":19,"ty":1,"nm":"24","sr":1,"ks":{"o":{"a":0,"k":100,"ix":11},"r":{"a":0,"k":0,"ix":10},"p":{"a":0,"k":[2000,1973,0],"ix":2},"a":{"a":0,"k":[2000,2000,0],"ix":1},"s":{"a":0,"k":[100,100,100],"ix":6}},"ao":0,"hasMask":true,"masksProperties":[{"inv":false,"mode":"f","pt":{"a":0,"k":{"i":[[0,-42.53],[42.53,0],[0,42.53],[-42.53,0]],"o":[[0,42.53],[-42.53,0],[0,-42.53],[42.53,0]],"v":[[1751.357,2013.808],[1674.35,2090.814],[1597.344,2013.808],[1674.35,1936.801]],"c":true},"ix":1},"o":{"a":0,"k":100,"ix":3},"x":{"a":0,"k":0,"ix":4},"nm":"5"}],"sw":4000,"sh":4000,"sc":"#ffffff","ip":202,"op":238,"st":67,"bm":0},{"ddd":0,"ind":20,"ty":1,"nm":"23","sr":1,"ks":{"o":{"a":0,"k":100,"ix":11},"r":{"a":0,"k":0,"ix":10},"p":{"a":0,"k":[2000,1973,0],"ix":2},"a":{"a":0,"k":[2000,2000,0],"ix":1},"s":{"a":0,"k":[100,100,100],"ix":6}},"ao":0,"hasMask":true,"masksProperties":[{"inv":false,"mode":"f","pt":{"a":0,"k":{"i":[[0,-42.53],[42.53,0],[0,42.53],[-42.53,0]],"o":[[0,42.53],[-42.53,0],[0,-42.53],[42.53,0]],"v":[[2503.426,2013.808],[2426.419,2090.814],[2349.413,2013.808],[2426.419,1936.801]],"c":true},"ix":1},"o":{"a":0,"k":100,"ix":3},"x":{"a":0,"k":0,"ix":4},"nm":"6"}],"sw":4000,"sh":4000,"sc":"#ffffff","ip":197,"op":234,"st":65,"bm":0},{"ddd":0,"ind":21,"ty":1,"nm":"22","sr":1,"ks":{"o":{"a":0,"k":100,"ix":11},"r":{"a":0,"k":0,"ix":10},"p":{"a":0,"k":[2000,1973,0],"ix":2},"a":{"a":0,"k":[2000,2000,0],"ix":1},"s":{"a":0,"k":[100,100,100],"ix":6}},"ao":0,"hasMask":true,"masksProperties":[{"inv":false,"mode":"f","pt":{"a":0,"k":{"i":[[0,-42.53],[42.53,0],[0,42.53],[-42.53,0]],"o":[[0,42.53],[-42.53,0],[0,-42.53],[42.53,0]],"v":[[2882.374,2013.808],[2805.367,2090.814],[2728.36,2013.808],[2805.367,1936.801]],"c":true},"ix":1},"o":{"a":0,"k":100,"ix":3},"x":{"a":0,"k":0,"ix":4},"nm":"7"}],"sw":4000,"sh":4000,"sc":"#ffffff","ip":195,"op":231,"st":66,"bm":0},{"ddd":0,"ind":22,"ty":1,"nm":"21","sr":1,"ks":{"o":{"a":0,"k":100,"ix":11},"r":{"a":0,"k":0,"ix":10},"p":{"a":0,"k":[2000,1973,0],"ix":2},"a":{"a":0,"k":[2000,2000,0],"ix":1},"s":{"a":0,"k":[100,100,100],"ix":6}},"ao":0,"hasMask":true,"masksProperties":[{"inv":false,"mode":"f","pt":{"a":0,"k":{"i":[[0,-42.53],[42.53,0],[0,42.529],[-42.53,0]],"o":[[0,42.529],[-42.53,0],[0,-42.53],[42.53,0]],"v":[[1366.132,2283.768],[1289.125,2360.775],[1212.118,2283.768],[1289.125,2206.761]],"c":true},"ix":1},"o":{"a":0,"k":100,"ix":3},"x":{"a":0,"k":0,"ix":4},"nm":"8"}],"sw":4000,"sh":4000,"sc":"#ffffff","ip":186,"op":221,"st":66,"bm":0},{"ddd":0,"ind":23,"ty":1,"nm":"20","sr":1,"ks":{"o":{"a":0,"k":100,"ix":11},"r":{"a":0,"k":0,"ix":10},"p":{"a":0,"k":[2000,1973,0],"ix":2},"a":{"a":0,"k":[2000,2000,0],"ix":1},"s":{"a":0,"k":[100,100,100],"ix":6}},"ao":0,"hasMask":true,"masksProperties":[{"inv":false,"mode":"f","pt":{"a":0,"k":{"i":[[0,-42.529],[42.53,0],[0,42.53],[-42.53,0]],"o":[[0,42.53],[-42.53,0],[0,-42.529],[42.53,0]],"v":[[2426.419,2437.781],[2349.413,2514.788],[2272.406,2437.781],[2349.413,2360.775]],"c":true},"ix":1},"o":{"a":0,"k":100,"ix":3},"x":{"a":0,"k":0,"ix":4},"nm":"9"}],"sw":4000,"sh":4000,"sc":"#ffffff","ip":189,"op":224,"st":67,"bm":0},{"ddd":0,"ind":24,"ty":1,"nm":"19","sr":1,"ks":{"o":{"a":0,"k":100,"ix":11},"r":{"a":0,"k":0,"ix":10},"p":{"a":0,"k":[2000,1973,0],"ix":2},"a":{"a":0,"k":[2000,2000,0],"ix":1},"s":{"a":0,"k":[100,100,100],"ix":6}},"ao":0,"hasMask":true,"masksProperties":[{"inv":false,"mode":"f","pt":{"a":0,"k":{"i":[[0,-42.53],[42.53,0],[0,42.53],[-42.53,0]],"o":[[0,42.53],[-42.53,0],[0,-42.53],[42.53,0]],"v":[[1502.119,2670.937],[1425.112,2747.943],[1348.105,2670.937],[1425.112,2593.93]],"c":true},"ix":1},"o":{"a":0,"k":100,"ix":3},"x":{"a":0,"k":0,"ix":4},"nm":"10"}],"sw":4000,"sh":4000,"sc":"#ffffff","ip":182,"op":218,"st":56,"bm":0},{"ddd":0,"ind":25,"ty":1,"nm":"18","sr":1,"ks":{"o":{"a":0,"k":100,"ix":11},"r":{"a":0,"k":0,"ix":10},"p":{"a":0,"k":[2000,1973,0],"ix":2},"a":{"a":0,"k":[2000,2000,0],"ix":1},"s":{"a":0,"k":[100,100,100],"ix":6}},"ao":0,"hasMask":true,"masksProperties":[{"inv":false,"mode":"f","pt":{"a":0,"k":{"i":[[0,-42.53],[42.53,0],[0,42.53],[-42.53,0]],"o":[[0,42.53],[-42.53,0],[0,-42.53],[42.53,0]],"v":[[2695.511,2706.891],[2618.504,2783.897],[2541.497,2706.891],[2618.504,2629.884]],"c":true},"ix":1},"o":{"a":0,"k":100,"ix":3},"x":{"a":0,"k":0,"ix":4},"nm":"11"}],"sw":4000,"sh":4000,"sc":"#ffffff","ip":192,"op":227,"st":76,"bm":0},{"ddd":0,"ind":26,"ty":1,"nm":"17","sr":1,"ks":{"o":{"a":0,"k":100,"ix":11},"r":{"a":0,"k":0,"ix":10},"p":{"a":0,"k":[2000,1973,0],"ix":2},"a":{"a":0,"k":[2000,2000,0],"ix":1},"s":{"a":0,"k":[100,100,100],"ix":6}},"ao":0,"hasMask":true,"masksProperties":[{"inv":false,"mode":"f","pt":{"a":0,"k":{"i":[[0,-42.53],[42.53,0],[0,42.53],[-42.53,0]],"o":[[0,42.53],[-42.53,0],[0,-42.53],[42.53,0]],"v":[[1842.364,2822.401],[1765.357,2899.408],[1688.35,2822.401],[1765.357,2745.394]],"c":true},"ix":1},"o":{"a":0,"k":100,"ix":3},"x":{"a":0,"k":0,"ix":4},"nm":"12"}],"sw":4000,"sh":4000,"sc":"#ffffff","ip":179,"op":215,"st":67,"bm":0},{"ddd":0,"ind":27,"ty":1,"nm":"16","sr":1,"ks":{"o":{"a":0,"k":100,"ix":11},"r":{"a":0,"k":0,"ix":10},"p":{"a":0,"k":[2000,1973,0],"ix":2},"a":{"a":0,"k":[2000,2000,0],"ix":1},"s":{"a":0,"k":[100,100,100],"ix":6}},"ao":0,"hasMask":true,"masksProperties":[{"inv":false,"mode":"f","pt":{"a":0,"k":{"i":[[0,-42.53],[42.53,0],[0,42.529],[-42.53,0]],"o":[[0,42.529],[-42.53,0],[0,-42.53],[42.53,0]],"v":[[1534.145,3132.105],[1457.139,3209.112],[1380.132,3132.105],[1457.139,3055.099]],"c":true},"ix":1},"o":{"a":0,"k":100,"ix":3},"x":{"a":0,"k":0,"ix":4},"nm":"13"}],"sw":4000,"sh":4000,"sc":"#ffffff","ip":176,"op":212,"st":67,"bm":0},{"ddd":0,"ind":28,"ty":1,"nm":"15","sr":1,"ks":{"o":{"a":0,"k":100,"ix":11},"r":{"a":0,"k":0,"ix":10},"p":{"a":0,"k":[2000,1973,0],"ix":2},"a":{"a":0,"k":[2000,2000,0],"ix":1},"s":{"a":0,"k":[100,100,100],"ix":6}},"ao":0,"hasMask":true,"masksProperties":[{"inv":false,"mode":"f","pt":{"a":0,"k":{"i":[[0,-42.53],[42.53,0],[0,42.53],[-42.53,0]],"o":[[0,42.53],[-42.53,0],[0,-42.53],[42.53,0]],"v":[[2815.909,3053.932],[2738.902,3130.939],[2661.895,3053.932],[2738.902,2976.925]],"c":true},"ix":1},"o":{"a":0,"k":100,"ix":3},"x":{"a":0,"k":0,"ix":4},"nm":"14"}],"sw":4000,"sh":4000,"sc":"#ffffff","ip":173,"op":209,"st":67,"bm":0},{"ddd":0,"ind":29,"ty":1,"nm":"1","sr":1,"ks":{"o":{"a":0,"k":100,"ix":11},"r":{"a":0,"k":0,"ix":10},"p":{"a":0,"k":[2000,1973,0],"ix":2},"a":{"a":0,"k":[2000,2000,0],"ix":1},"s":{"a":0,"k":[100,100,100],"ix":6}},"ao":0,"hasMask":true,"masksProperties":[{"inv":false,"mode":"f","pt":{"a":0,"k":{"i":[[0,-42.53],[42.53,0],[0,42.53],[-42.53,0]],"o":[[0,42.53],[-42.53,0],[0,-42.53],[42.53,0]],"v":[[1879.61,1478.151],[1802.604,1555.158],[1725.597,1478.151],[1802.604,1401.145]],"c":true},"ix":1},"o":{"a":0,"k":100,"ix":3},"x":{"a":0,"k":0,"ix":4},"nm":"1"}],"sw":4000,"sh":4000,"sc":"#ffffff","ip":145,"op":170,"st":0,"bm":0},{"ddd":0,"ind":30,"ty":1,"nm":"2","sr":1,"ks":{"o":{"a":0,"k":100,"ix":11},"r":{"a":0,"k":0,"ix":10},"p":{"a":0,"k":[2000,1973,0],"ix":2},"a":{"a":0,"k":[2000,2000,0],"ix":1},"s":{"a":0,"k":[100,100,100],"ix":6}},"ao":0,"hasMask":true,"masksProperties":[{"inv":false,"mode":"f","pt":{"a":0,"k":{"i":[[0,-42.53],[42.53,0],[0,42.53],[-42.53,0]],"o":[[0,42.53],[-42.53,0],[0,-42.53],[42.53,0]],"v":[[2274.406,1478.151],[2197.399,1555.158],[2120.393,1478.151],[2197.399,1401.145]],"c":true},"ix":1},"o":{"a":0,"k":100,"ix":3},"x":{"a":0,"k":0,"ix":4},"nm":"2"}],"sw":4000,"sh":4000,"sc":"#ffffff","ip":148,"op":173,"st":-3,"bm":0},{"ddd":0,"ind":31,"ty":1,"nm":"3","sr":1,"ks":{"o":{"a":0,"k":100,"ix":11},"r":{"a":0,"k":0,"ix":10},"p":{"a":0,"k":[2000,1973,0],"ix":2},"a":{"a":0,"k":[2000,2000,0],"ix":1},"s":{"a":0,"k":[100,100,100],"ix":6}},"ao":0,"hasMask":true,"masksProperties":[{"inv":false,"mode":"f","pt":{"a":0,"k":{"i":[[0,-42.53],[42.53,0],[0,42.53],[-42.53,0]],"o":[[0,42.53],[-42.53,0],[0,-42.53],[42.53,0]],"v":[[1502.119,1741.15],[1425.112,1818.157],[1348.105,1741.15],[1425.112,1664.143]],"c":true},"ix":1},"o":{"a":0,"k":100,"ix":3},"x":{"a":0,"k":0,"ix":4},"nm":"3"}],"sw":4000,"sh":4000,"sc":"#ffffff","ip":137,"op":164,"st":0,"bm":0},{"ddd":0,"ind":32,"ty":1,"nm":"4","sr":1,"ks":{"o":{"a":0,"k":100,"ix":11},"r":{"a":0,"k":0,"ix":10},"p":{"a":0,"k":[2000,1973,0],"ix":2},"a":{"a":0,"k":[2000,2000,0],"ix":1},"s":{"a":0,"k":[100,100,100],"ix":6}},"ao":0,"hasMask":true,"masksProperties":[{"inv":false,"mode":"f","pt":{"a":0,"k":{"i":[[0,-42.53],[42.53,0],[0,42.53],[-42.53,0]],"o":[[0,42.53],[-42.53,0],[0,-42.53],[42.53,0]],"v":[[2697.511,1741.15],[2620.504,1818.157],[2543.497,1741.15],[2620.504,1664.143]],"c":true},"ix":1},"o":{"a":0,"k":100,"ix":3},"x":{"a":0,"k":0,"ix":4},"nm":"4"}],"sw":4000,"sh":4000,"sc":"#ffffff","ip":142,"op":166,"st":0,"bm":0},{"ddd":0,"ind":33,"ty":1,"nm":"5","sr":1,"ks":{"o":{"a":0,"k":100,"ix":11},"r":{"a":0,"k":0,"ix":10},"p":{"a":0,"k":[2000,1973,0],"ix":2},"a":{"a":0,"k":[2000,2000,0],"ix":1},"s":{"a":0,"k":[100,100,100],"ix":6}},"ao":0,"hasMask":true,"masksProperties":[{"inv":false,"mode":"f","pt":{"a":0,"k":{"i":[[0,-42.53],[42.53,0],[0,42.53],[-42.53,0]],"o":[[0,42.53],[-42.53,0],[0,-42.53],[42.53,0]],"v":[[1751.357,2013.808],[1674.35,2090.814],[1597.344,2013.808],[1674.35,1936.801]],"c":true},"ix":1},"o":{"a":0,"k":100,"ix":3},"x":{"a":0,"k":0,"ix":4},"nm":"5"}],"sw":4000,"sh":4000,"sc":"#ffffff","ip":135,"op":160,"st":0,"bm":0},{"ddd":0,"ind":34,"ty":1,"nm":"6","sr":1,"ks":{"o":{"a":0,"k":100,"ix":11},"r":{"a":0,"k":0,"ix":10},"p":{"a":0,"k":[2000,1973,0],"ix":2},"a":{"a":0,"k":[2000,2000,0],"ix":1},"s":{"a":0,"k":[100,100,100],"ix":6}},"ao":0,"hasMask":true,"masksProperties":[{"inv":false,"mode":"f","pt":{"a":0,"k":{"i":[[0,-42.53],[42.53,0],[0,42.53],[-42.53,0]],"o":[[0,42.53],[-42.53,0],[0,-42.53],[42.53,0]],"v":[[2503.426,2013.808],[2426.419,2090.814],[2349.413,2013.808],[2426.419,1936.801]],"c":true},"ix":1},"o":{"a":0,"k":100,"ix":3},"x":{"a":0,"k":0,"ix":4},"nm":"6"}],"sw":4000,"sh":4000,"sc":"#ffffff","ip":132,"op":156,"st":0,"bm":0},{"ddd":0,"ind":35,"ty":1,"nm":"7","sr":1,"ks":{"o":{"a":0,"k":100,"ix":11},"r":{"a":0,"k":0,"ix":10},"p":{"a":0,"k":[2000,1973,0],"ix":2},"a":{"a":0,"k":[2000,2000,0],"ix":1},"s":{"a":0,"k":[100,100,100],"ix":6}},"ao":0,"hasMask":true,"masksProperties":[{"inv":false,"mode":"f","pt":{"a":0,"k":{"i":[[0,-42.53],[42.53,0],[0,42.53],[-42.53,0]],"o":[[0,42.53],[-42.53,0],[0,-42.53],[42.53,0]],"v":[[2882.374,2013.808],[2805.367,2090.814],[2728.36,2013.808],[2805.367,1936.801]],"c":true},"ix":1},"o":{"a":0,"k":100,"ix":3},"x":{"a":0,"k":0,"ix":4},"nm":"7"}],"sw":4000,"sh":4000,"sc":"#ffffff","ip":129,"op":154,"st":0,"bm":0},{"ddd":0,"ind":36,"ty":1,"nm":"8","sr":1,"ks":{"o":{"a":0,"k":100,"ix":11},"r":{"a":0,"k":0,"ix":10},"p":{"a":0,"k":[2000,1973,0],"ix":2},"a":{"a":0,"k":[2000,2000,0],"ix":1},"s":{"a":0,"k":[100,100,100],"ix":6}},"ao":0,"hasMask":true,"masksProperties":[{"inv":false,"mode":"f","pt":{"a":0,"k":{"i":[[0,-42.53],[42.53,0],[0,42.529],[-42.53,0]],"o":[[0,42.529],[-42.53,0],[0,-42.53],[42.53,0]],"v":[[1366.132,2283.768],[1289.125,2360.775],[1212.118,2283.768],[1289.125,2206.761]],"c":true},"ix":1},"o":{"a":0,"k":100,"ix":3},"x":{"a":0,"k":0,"ix":4},"nm":"8"}],"sw":4000,"sh":4000,"sc":"#ffffff","ip":120,"op":143,"st":0,"bm":0},{"ddd":0,"ind":37,"ty":1,"nm":"9","sr":1,"ks":{"o":{"a":0,"k":100,"ix":11},"r":{"a":0,"k":0,"ix":10},"p":{"a":0,"k":[2000,1973,0],"ix":2},"a":{"a":0,"k":[2000,2000,0],"ix":1},"s":{"a":0,"k":[100,100,100],"ix":6}},"ao":0,"hasMask":true,"masksProperties":[{"inv":false,"mode":"f","pt":{"a":0,"k":{"i":[[0,-42.529],[42.53,0],[0,42.53],[-42.53,0]],"o":[[0,42.53],[-42.53,0],[0,-42.529],[42.53,0]],"v":[[2426.419,2437.781],[2349.413,2514.788],[2272.406,2437.781],[2349.413,2360.775]],"c":true},"ix":1},"o":{"a":0,"k":100,"ix":3},"x":{"a":0,"k":0,"ix":4},"nm":"9"}],"sw":4000,"sh":4000,"sc":"#ffffff","ip":122,"op":146,"st":0,"bm":0},{"ddd":0,"ind":38,"ty":1,"nm":"10","sr":1,"ks":{"o":{"a":0,"k":100,"ix":11},"r":{"a":0,"k":0,"ix":10},"p":{"a":0,"k":[2000,1973,0],"ix":2},"a":{"a":0,"k":[2000,2000,0],"ix":1},"s":{"a":0,"k":[100,100,100],"ix":6}},"ao":0,"hasMask":true,"masksProperties":[{"inv":false,"mode":"f","pt":{"a":0,"k":{"i":[[0,-42.53],[42.53,0],[0,42.53],[-42.53,0]],"o":[[0,42.53],[-42.53,0],[0,-42.53],[42.53,0]],"v":[[1502.119,2670.937],[1425.112,2747.943],[1348.105,2670.937],[1425.112,2593.93]],"c":true},"ix":1},"o":{"a":0,"k":100,"ix":3},"x":{"a":0,"k":0,"ix":4},"nm":"10"}],"sw":4000,"sh":4000,"sc":"#ffffff","ip":126,"op":140,"st":0,"bm":0},{"ddd":0,"ind":39,"ty":1,"nm":"11","sr":1,"ks":{"o":{"a":0,"k":100,"ix":11},"r":{"a":0,"k":0,"ix":10},"p":{"a":0,"k":[2000,1973,0],"ix":2},"a":{"a":0,"k":[2000,2000,0],"ix":1},"s":{"a":0,"k":[100,100,100],"ix":6}},"ao":0,"hasMask":true,"masksProperties":[{"inv":false,"mode":"f","pt":{"a":0,"k":{"i":[[0,-42.53],[42.53,0],[0,42.53],[-42.53,0]],"o":[[0,42.53],[-42.53,0],[0,-42.53],[42.53,0]],"v":[[2695.511,2706.891],[2618.504,2783.897],[2541.497,2706.891],[2618.504,2629.884]],"c":true},"ix":1},"o":{"a":0,"k":100,"ix":3},"x":{"a":0,"k":0,"ix":4},"nm":"11"}],"sw":4000,"sh":4000,"sc":"#ffffff","ip":116,"op":150,"st":0,"bm":0},{"ddd":0,"ind":40,"ty":1,"nm":"12","sr":1,"ks":{"o":{"a":0,"k":100,"ix":11},"r":{"a":0,"k":0,"ix":10},"p":{"a":0,"k":[2000,1973,0],"ix":2},"a":{"a":0,"k":[2000,2000,0],"ix":1},"s":{"a":0,"k":[100,100,100],"ix":6}},"ao":0,"hasMask":true,"masksProperties":[{"inv":false,"mode":"f","pt":{"a":0,"k":{"i":[[0,-42.53],[42.53,0],[0,42.53],[-42.53,0]],"o":[[0,42.53],[-42.53,0],[0,-42.53],[42.53,0]],"v":[[1842.364,2822.401],[1765.357,2899.408],[1688.35,2822.401],[1765.357,2745.394]],"c":true},"ix":1},"o":{"a":0,"k":100,"ix":3},"x":{"a":0,"k":0,"ix":4},"nm":"12"}],"sw":4000,"sh":4000,"sc":"#ffffff","ip":112,"op":137,"st":0,"bm":0},{"ddd":0,"ind":41,"ty":1,"nm":"13","sr":1,"ks":{"o":{"a":0,"k":100,"ix":11},"r":{"a":0,"k":0,"ix":10},"p":{"a":0,"k":[2000,1973,0],"ix":2},"a":{"a":0,"k":[2000,2000,0],"ix":1},"s":{"a":0,"k":[100,100,100],"ix":6}},"ao":0,"hasMask":true,"masksProperties":[{"inv":false,"mode":"f","pt":{"a":0,"k":{"i":[[0,-42.53],[42.53,0],[0,42.529],[-42.53,0]],"o":[[0,42.529],[-42.53,0],[0,-42.53],[42.53,0]],"v":[[1534.145,3132.105],[1457.139,3209.112],[1380.132,3132.105],[1457.139,3055.099]],"c":true},"ix":1},"o":{"a":0,"k":100,"ix":3},"x":{"a":0,"k":0,"ix":4},"nm":"13"}],"sw":4000,"sh":4000,"sc":"#ffffff","ip":109,"op":134,"st":0,"bm":0},{"ddd":0,"ind":42,"ty":1,"nm":"14","sr":1,"ks":{"o":{"a":0,"k":100,"ix":11},"r":{"a":0,"k":0,"ix":10},"p":{"a":0,"k":[2000,1973,0],"ix":2},"a":{"a":0,"k":[2000,2000,0],"ix":1},"s":{"a":0,"k":[100,100,100],"ix":6}},"ao":0,"hasMask":true,"masksProperties":[{"inv":false,"mode":"f","pt":{"a":0,"k":{"i":[[0,-42.53],[42.53,0],[0,42.53],[-42.53,0]],"o":[[0,42.53],[-42.53,0],[0,-42.53],[42.53,0]],"v":[[2815.909,3053.932],[2738.902,3130.939],[2661.895,3053.932],[2738.902,2976.925]],"c":true},"ix":1},"o":{"a":0,"k":100,"ix":3},"x":{"a":0,"k":0,"ix":4},"nm":"14"}],"sw":4000,"sh":4000,"sc":"#ffffff","ip":106,"op":131,"st":0,"bm":0}]},{"id":"comp_2","layers":[{"ddd":0,"ind":1,"ty":4,"nm":"Circuit - Middle Left Fork","sr":1,"ks":{"o":{"a":0,"k":100,"ix":11},"r":{"a":0,"k":0,"ix":10},"p":{"a":0,"k":[2000,1973,0],"ix":2},"a":{"a":0,"k":[0,0,0],"ix":1},"s":{"a":0,"k":[100,100,100],"ix":6}},"ao":0,"shapes":[{"ind":0,"ty":"sh","ix":1,"ks":{"a":0,"k":{"i":[[0,0],[0,0],[0,0]],"o":[[0,0],[0,0],[0,0]],"v":[[-325.65,90.815],[-325.65,283.768],[-634.332,283.768]],"c":false},"ix":2},"nm":"Path 1","mn":"ADBE Vector Shape - Group","hd":false},{"ty":"st","c":{"a":0,"k":[1,1,1,1],"ix":3},"o":{"a":0,"k":100,"ix":4},"w":{"a":0,"k":50,"ix":5},"lc":2,"lj":2,"bm":0,"nm":"Stroke 1","mn":"ADBE Vector Graphic - Stroke","hd":false},{"ty":"tm","s":{"a":1,"k":[{"i":{"x":[0.667],"y":[1]},"o":{"x":[0.333],"y":[0]},"t":308,"s":[0]},{"t":319,"s":[100]}],"ix":1},"e":{"a":1,"k":[{"i":{"x":[0.667],"y":[1]},"o":{"x":[0.69],"y":[0.003]},"t":48,"s":[0]},{"t":75,"s":[100]}],"ix":2},"o":{"a":0,"k":0,"ix":3},"m":1,"ix":3,"nm":"Trim Paths 2","mn":"ADBE Vector Filter - Trim","hd":false}],"ip":0,"op":360,"st":0,"bm":0},{"ddd":0,"ind":2,"ty":4,"nm":"Circuit - Middle Left","sr":1,"ks":{"o":{"a":0,"k":100,"ix":11},"r":{"a":0,"k":0,"ix":10},"p":{"a":0,"k":[2000,1973,0],"ix":2},"a":{"a":0,"k":[0,0,0],"ix":1},"s":{"a":0,"k":[100,100,100],"ix":6}},"ao":0,"shapes":[{"ind":0,"ty":"sh","ix":1,"ks":{"a":0,"k":{"i":[[0,0],[0,0],[0,0]],"o":[[0,0],[0,0],[0,0]],"v":[[0.008,585.307],[-574.888,52.685],[-574.888,-181.843]],"c":false},"ix":2},"nm":"Path 1","mn":"ADBE Vector Shape - Group","hd":false},{"ty":"st","c":{"a":0,"k":[1,1,1,1],"ix":3},"o":{"a":0,"k":100,"ix":4},"w":{"a":0,"k":50,"ix":5},"lc":2,"lj":2,"bm":0,"nm":"Stroke 1","mn":"ADBE Vector Graphic - Stroke","hd":false},{"ty":"tm","s":{"a":1,"k":[{"i":{"x":[0.667],"y":[1]},"o":{"x":[0.333],"y":[0]},"t":308,"s":[0]},{"t":323,"s":[100]}],"ix":1},"e":{"a":1,"k":[{"i":{"x":[0.667],"y":[1]},"o":{"x":[0.83],"y":[0]},"t":48,"s":[0]},{"t":93,"s":[100]}],"ix":2},"o":{"a":0,"k":0,"ix":3},"m":1,"ix":3,"nm":"Trim Paths 2","mn":"ADBE Vector Filter - Trim","hd":false}],"ip":0,"op":360,"st":0,"bm":0},{"ddd":0,"ind":3,"ty":4,"nm":"Circuit - Bottom Left Fork","sr":1,"ks":{"o":{"a":0,"k":100,"ix":11},"r":{"a":0,"k":0,"ix":10},"p":{"a":0,"k":[2000,1973,0],"ix":2},"a":{"a":0,"k":[0,0,0],"ix":1},"s":{"a":0,"k":[100,100,100],"ix":6}},"ao":0,"shapes":[{"ind":0,"ty":"sh","ix":1,"ks":{"a":0,"k":{"i":[[0,0],[0,0],[0,0]],"o":[[0,0],[0,0],[0,0]],"v":[[-234.643,899.408],[-234.643,1132.105],[-465.855,1132.105]],"c":false},"ix":2},"nm":"Path 1","mn":"ADBE Vector Shape - Group","hd":false},{"ty":"st","c":{"a":0,"k":[1,1,1,1],"ix":3},"o":{"a":0,"k":100,"ix":4},"w":{"a":0,"k":50,"ix":5},"lc":2,"lj":2,"bm":0,"nm":"Stroke 1","mn":"ADBE Vector Graphic - Stroke","hd":false},{"ty":"tm","s":{"a":1,"k":[{"i":{"x":[0.667],"y":[1]},"o":{"x":[0.333],"y":[0]},"t":308,"s":[0]},{"t":318,"s":[100]}],"ix":1},"e":{"a":1,"k":[{"i":{"x":[0.833],"y":[0.833]},"o":{"x":[0.167],"y":[0.167]},"t":48,"s":[0]},{"t":84,"s":[100]}],"ix":2},"o":{"a":0,"k":0,"ix":3},"m":1,"ix":3,"nm":"Trim Paths 2","mn":"ADBE Vector Filter - Trim","hd":false}],"ip":0,"op":360,"st":0,"bm":0},{"ddd":0,"ind":4,"ty":4,"nm":"Circuit - Middle Right Bottom","sr":1,"ks":{"o":{"a":0,"k":100,"ix":11},"r":{"a":0,"k":0,"ix":10},"p":{"a":0,"k":[2000,1973,0],"ix":2},"a":{"a":0,"k":[0,0,0],"ix":1},"s":{"a":0,"k":[100,100,100],"ix":6}},"ao":0,"shapes":[{"ind":0,"ty":"sh","ix":1,"ks":{"a":0,"k":{"i":[[0,0],[0,0],[0,0]],"o":[[0,0],[0,0],[0,0]],"v":[[349.413,514.788],[349.413,706.891],[541.497,706.891]],"c":false},"ix":2},"nm":"Path 1","mn":"ADBE Vector Shape - Group","hd":false},{"ty":"st","c":{"a":0,"k":[1,1,1,1],"ix":3},"o":{"a":0,"k":100,"ix":4},"w":{"a":0,"k":50,"ix":5},"lc":2,"lj":2,"bm":0,"nm":"Stroke 1","mn":"ADBE Vector Graphic - Stroke","hd":false},{"ty":"tm","s":{"a":1,"k":[{"i":{"x":[0.667],"y":[1]},"o":{"x":[0.333],"y":[0]},"t":308,"s":[0]},{"t":317,"s":[100]}],"ix":1},"e":{"a":1,"k":[{"i":{"x":[0.833],"y":[0.833]},"o":{"x":[0.167],"y":[0.167]},"t":48,"s":[0]},{"t":80,"s":[100]}],"ix":2},"o":{"a":0,"k":0,"ix":3},"m":1,"ix":3,"nm":"Trim Paths 2","mn":"ADBE Vector Filter - Trim","hd":false}],"ip":0,"op":360,"st":0,"bm":0},{"ddd":0,"ind":5,"ty":4,"nm":"Circuit - Middle Right Top","sr":1,"ks":{"o":{"a":0,"k":100,"ix":11},"r":{"a":0,"k":0,"ix":10},"p":{"a":0,"k":[2000,1973,0],"ix":2},"a":{"a":0,"k":[0,0,0],"ix":1},"s":{"a":0,"k":[100,100,100],"ix":6}},"ao":0,"shapes":[{"ind":0,"ty":"sh","ix":1,"ks":{"a":0,"k":{"i":[[0,0],[0,0],[0,0]],"o":[[0,0],[0,0],[0,0]],"v":[[460.416,82.908],[625.423,232.29],[771.371,82.908]],"c":false},"ix":2},"nm":"Path 1","mn":"ADBE Vector Shape - Group","hd":false},{"ty":"st","c":{"a":0,"k":[1,1,1,1],"ix":3},"o":{"a":0,"k":100,"ix":4},"w":{"a":0,"k":50,"ix":5},"lc":2,"lj":2,"bm":0,"nm":"Stroke 1","mn":"ADBE Vector Graphic - Stroke","hd":false},{"ty":"tm","s":{"a":1,"k":[{"i":{"x":[0.667],"y":[1]},"o":{"x":[0.333],"y":[0]},"t":308,"s":[0]},{"t":318,"s":[100]}],"ix":1},"e":{"a":1,"k":[{"i":{"x":[0.833],"y":[0.833]},"o":{"x":[0.167],"y":[0.167]},"t":48,"s":[0]},{"t":74,"s":[100]}],"ix":2},"o":{"a":0,"k":0,"ix":3},"m":1,"ix":3,"nm":"Trim Paths 2","mn":"ADBE Vector Filter - Trim","hd":false}],"ip":0,"op":360,"st":0,"bm":0},{"ddd":0,"ind":6,"ty":4,"nm":"Circuit - Middle Right","sr":1,"ks":{"o":{"a":0,"k":100,"ix":11},"r":{"a":0,"k":0,"ix":10},"p":{"a":0,"k":[2000,1973,0],"ix":2},"a":{"a":0,"k":[0,0,0],"ix":1},"s":{"a":0,"k":[100,100,100],"ix":6}},"ao":0,"shapes":[{"ind":0,"ty":"sh","ix":1,"ks":{"a":0,"k":{"i":[[0,0],[0,0],[0,0]],"o":[[0,0],[0,0],[0,0]],"v":[[0.008,1043.61],[627.423,437.781],[620.504,-181.843]],"c":false},"ix":2},"nm":"Path 1","mn":"ADBE Vector Shape - Group","hd":false},{"ty":"st","c":{"a":0,"k":[1,1,1,1],"ix":3},"o":{"a":0,"k":100,"ix":4},"w":{"a":0,"k":50,"ix":5},"lc":2,"lj":2,"bm":0,"nm":"Stroke 1","mn":"ADBE Vector Graphic - Stroke","hd":false},{"ty":"tm","s":{"a":1,"k":[{"i":{"x":[0.667],"y":[1]},"o":{"x":[0.333],"y":[0]},"t":308,"s":[0]},{"t":326,"s":[100]}],"ix":1},"e":{"a":1,"k":[{"i":{"x":[0.667],"y":[1]},"o":{"x":[0.71],"y":[-0.002]},"t":48,"s":[0]},{"t":96,"s":[100]}],"ix":2},"o":{"a":0,"k":0,"ix":3},"m":1,"ix":3,"nm":"Trim Paths 2","mn":"ADBE Vector Filter - Trim","hd":false}],"ip":0,"op":360,"st":0,"bm":0},{"ddd":0,"ind":7,"ty":4,"nm":"Circuit - Top Left","sr":1,"ks":{"o":{"a":0,"k":100,"ix":11},"r":{"a":0,"k":0,"ix":10},"p":{"a":0,"k":[2000,1973,0],"ix":2},"a":{"a":0,"k":[0,0,0],"ix":1},"s":{"a":0,"k":[100,100,100],"ix":6}},"ao":0,"shapes":[{"ind":0,"ty":"sh","ix":1,"ks":{"a":0,"k":{"i":[[0,0],[0,0]],"o":[[0,0],[0,0]],"v":[[-158.327,-455.572],[0.008,-304.461]],"c":false},"ix":2},"nm":"Path 1","mn":"ADBE Vector Shape - Group","hd":false},{"ty":"st","c":{"a":0,"k":[1,1,1,1],"ix":3},"o":{"a":0,"k":100,"ix":4},"w":{"a":0,"k":50,"ix":5},"lc":2,"lj":2,"bm":0,"nm":"Stroke 1","mn":"ADBE Vector Graphic - Stroke","hd":false},{"ty":"tm","s":{"a":1,"k":[{"i":{"x":[0.833],"y":[0.833]},"o":{"x":[0.167],"y":[0.167]},"t":308,"s":[0]},{"t":313,"s":[100]}],"ix":1},"e":{"a":1,"k":[{"i":{"x":[0.833],"y":[0.833]},"o":{"x":[0.333],"y":[0]},"t":48,"s":[0]},{"t":66,"s":[100]}],"ix":2},"o":{"a":0,"k":0,"ix":3},"m":1,"ix":3,"nm":"Trim Paths 2","mn":"ADBE Vector Filter - Trim","hd":false}],"ip":0,"op":360,"st":0,"bm":0},{"ddd":0,"ind":8,"ty":4,"nm":"Circuit - Top Right","sr":1,"ks":{"o":{"a":0,"k":100,"ix":11},"r":{"a":0,"k":0,"ix":10},"p":{"a":0,"k":[2000,1973,0],"ix":2},"a":{"a":0,"k":[0,0,0],"ix":1},"s":{"a":0,"k":[100,100,100],"ix":6}},"ao":0,"shapes":[{"ind":0,"ty":"sh","ix":1,"ks":{"a":0,"k":{"i":[[0,0],[0,0]],"o":[[0,0],[0,0]],"v":[[-0.006,-304.461],[158.33,-455.572]],"c":false},"ix":2},"nm":"Path 1","mn":"ADBE Vector Shape - Group","hd":false},{"ty":"st","c":{"a":0,"k":[1,1,1,1],"ix":3},"o":{"a":0,"k":100,"ix":4},"w":{"a":0,"k":50,"ix":5},"lc":2,"lj":2,"bm":0,"nm":"Stroke 1","mn":"ADBE Vector Graphic - Stroke","hd":false},{"ty":"tm","s":{"a":1,"k":[{"i":{"x":[0.833],"y":[0.833]},"o":{"x":[0.167],"y":[0.167]},"t":313,"s":[0]},{"t":319,"s":[100]}],"ix":1},"e":{"a":1,"k":[{"i":{"x":[0.667],"y":[1]},"o":{"x":[0.167],"y":[0.167]},"t":66,"s":[0]},{"t":73,"s":[100]}],"ix":2},"o":{"a":0,"k":0,"ix":3},"m":1,"ix":3,"nm":"Trim Paths 1","mn":"ADBE Vector Filter - Trim","hd":false}],"ip":0,"op":360,"st":0,"bm":0},{"ddd":0,"ind":9,"ty":4,"nm":"Circuit - Center","sr":1,"ks":{"o":{"a":0,"k":100,"ix":11},"r":{"a":0,"k":0,"ix":10},"p":{"a":0,"k":[2000,1973,0],"ix":2},"a":{"a":0,"k":[0,0,0],"ix":1},"s":{"a":0,"k":[100,100,100],"ix":6}},"ao":0,"shapes":[{"ind":0,"ty":"sh","ix":1,"ks":{"a":0,"k":{"i":[[0,0],[0,0]],"o":[[0,0],[0,0]],"v":[[-0.006,1435.851],[-0.006,-304.461]],"c":false},"ix":2},"nm":"Path 1","mn":"ADBE Vector Shape - Group","hd":false},{"ty":"tm","s":{"a":1,"k":[{"i":{"x":[0.667],"y":[1]},"o":{"x":[0.333],"y":[0]},"t":308,"s":[0]},{"t":326,"s":[100]}],"ix":1},"e":{"a":1,"k":[{"i":{"x":[0.667],"y":[1]},"o":{"x":[0.643],"y":[-0.001]},"t":52,"s":[0]},{"t":95,"s":[100]}],"ix":2},"o":{"a":0,"k":0,"ix":3},"m":1,"ix":2,"nm":"Trim Paths 1","mn":"ADBE Vector Filter - Trim","hd":false},{"ty":"st","c":{"a":0,"k":[1,1,1,1],"ix":3},"o":{"a":0,"k":100,"ix":4},"w":{"a":0,"k":50,"ix":5},"lc":2,"lj":2,"bm":0,"nm":"Stroke 1","mn":"ADBE Vector Graphic - Stroke","hd":false}],"ip":0,"op":360,"st":0,"bm":0},{"ddd":0,"ind":10,"ty":4,"nm":"Circuit - Bottom Right","sr":1,"ks":{"o":{"a":0,"k":100,"ix":11},"r":{"a":0,"k":0,"ix":10},"p":{"a":0,"k":[2000,1973,0],"ix":2},"a":{"a":0,"k":[0,0,0],"ix":1},"s":{"a":0,"k":[100,100,100],"ix":6}},"ao":0,"shapes":[{"ind":0,"ty":"sh","ix":1,"ks":{"a":0,"k":{"i":[[0,0],[0,0],[0,0]],"o":[[0,0],[0,0],[0,0]],"v":[[0,1435.851],[385.885,1053.932],[661.895,1053.932]],"c":false},"ix":2},"nm":"Path 1","mn":"ADBE Vector Shape - Group","hd":false},{"ty":"st","c":{"a":0,"k":[1,1,1,1],"ix":3},"o":{"a":0,"k":100,"ix":4},"w":{"a":0,"k":50,"ix":5},"lc":2,"lj":2,"bm":0,"nm":"Stroke 1","mn":"ADBE Vector Graphic - Stroke","hd":false},{"ty":"tm","s":{"a":1,"k":[{"i":{"x":[0.667],"y":[1]},"o":{"x":[0.333],"y":[0]},"t":308,"s":[0]},{"t":322,"s":[100]}],"ix":1},"e":{"a":1,"k":[{"i":{"x":[0.667],"y":[1]},"o":{"x":[0.333],"y":[0]},"t":52,"s":[0]},{"t":89,"s":[100]}],"ix":2},"o":{"a":0,"k":0,"ix":3},"m":1,"ix":3,"nm":"Trim Paths 2","mn":"ADBE Vector Filter - Trim","hd":false}],"ip":0,"op":360,"st":0,"bm":0},{"ddd":0,"ind":11,"ty":4,"nm":"Circuit - Bottom Left","sr":1,"ks":{"o":{"a":0,"k":100,"ix":11},"r":{"a":0,"k":0,"ix":10},"p":{"a":0,"k":[2000,1973,0],"ix":2},"a":{"a":0,"k":[0,0,0],"ix":1},"s":{"a":0,"k":[100,100,100],"ix":6}},"ao":0,"shapes":[{"ind":0,"ty":"sh","ix":1,"ks":{"a":0,"k":{"i":[[0,0],[0,0]],"o":[[0,0],[0,0]],"v":[[0,1435.851],[-537.861,738.465]],"c":false},"ix":2},"nm":"Path 1","mn":"ADBE Vector Shape - Group","hd":false},{"ty":"st","c":{"a":0,"k":[1,1,1,1],"ix":3},"o":{"a":0,"k":100,"ix":4},"w":{"a":0,"k":50,"ix":5},"lc":2,"lj":2,"bm":0,"nm":"Stroke 1","mn":"ADBE Vector Graphic - Stroke","hd":false},{"ty":"tm","s":{"a":1,"k":[{"i":{"x":[0.667],"y":[1]},"o":{"x":[0.333],"y":[0]},"t":308,"s":[0]},{"t":322,"s":[100]}],"ix":1},"e":{"a":1,"k":[{"i":{"x":[0.667],"y":[1]},"o":{"x":[0.333],"y":[0]},"t":52,"s":[0]},{"t":87,"s":[100]}],"ix":2},"o":{"a":0,"k":0,"ix":3},"m":1,"ix":3,"nm":"Trim Paths 2","mn":"ADBE Vector Filter - Trim","hd":false}],"ip":0,"op":360,"st":0,"bm":0}]}],"layers":[{"ddd":0,"ind":1,"ty":4,"nm":"House Outline","sr":1,"ks":{"o":{"a":0,"k":100,"ix":11},"r":{"a":0,"k":0,"ix":10},"p":{"a":0,"k":[2000,2000,0],"ix":2},"a":{"a":0,"k":[0,0,0],"ix":1},"s":{"a":0,"k":[100,100,100],"ix":6}},"ao":0,"shapes":[{"ind":0,"ty":"sh","ix":1,"ks":{"a":0,"k":{"i":[[0,0],[0,0],[0,0],[0,0],[0,0],[0,0],[0,0],[0,0],[0,0],[0,0],[0,0],[0,0],[0,0],[0,0],[0,0]],"o":[[0,0],[0,0],[0,0],[0,0],[0,0],[0,0],[0,0],[0,0],[0,0],[0,0],[0,0],[0,0],[0,0],[0,0],[0,0]],"v":[[1603.897,203.388],[1234.365,-174.286],[1234.365,-861.856],[837.995,-861.856],[837.995,-579.389],[0.017,-1435.828],[0.006,-1435.851],[0,-1435.845],[-0.006,-1435.851],[-0.017,-1435.828],[-1603.897,203.388],[-1155.053,203.388],[-1155.053,1435.851],[1155.041,1435.851],[1155.041,203.388]],"c":true},"ix":2},"nm":"Path 1","mn":"ADBE Vector Shape - Group","hd":false},{"ty":"st","c":{"a":0,"k":[1,1,1,1],"ix":3},"o":{"a":0,"k":100,"ix":4},"w":{"a":0,"k":100,"ix":5},"lc":2,"lj":2,"bm":0,"nm":"Stroke 1","mn":"ADBE Vector Graphic - Stroke","hd":false},{"ty":"tm","s":{"a":1,"k":[{"i":{"x":[0.832],"y":[0.998]},"o":{"x":[0.333],"y":[0]},"t":0,"s":[100]},{"t":60,"s":[0]}],"ix":1},"e":{"a":1,"k":[{"i":{"x":[0.776],"y":[1]},"o":{"x":[0.424],"y":[0]},"t":273,"s":[100]},{"t":341,"s":[0]}],"ix":2},"o":{"a":0,"k":230,"ix":3},"m":1,"ix":3,"nm":"Trim Paths 1","mn":"ADBE Vector Filter - Trim","hd":false}],"ip":0,"op":360,"st":0,"bm":0},{"ddd":0,"ind":2,"ty":0,"nm":"Circles - Outline","refId":"comp_0","sr":1,"ks":{"o":{"a":0,"k":100,"ix":11},"r":{"a":0,"k":0,"ix":10},"p":{"a":0,"k":[2000,2000,0],"ix":2},"a":{"a":0,"k":[2000,2000,0],"ix":1},"s":{"a":0,"k":[100,100,100],"ix":6}},"ao":0,"w":4000,"h":4000,"ip":0,"op":360,"st":0,"bm":0},{"ddd":0,"ind":3,"ty":0,"nm":"Circles - Fill","refId":"comp_1","sr":1,"ks":{"o":{"a":0,"k":100,"ix":11},"r":{"a":0,"k":0,"ix":10},"p":{"a":0,"k":[2000,2000,0],"ix":2},"a":{"a":0,"k":[2000,2000,0],"ix":1},"s":{"a":0,"k":[100,100,100],"ix":6}},"ao":0,"w":4000,"h":4000,"ip":0,"op":360,"st":0,"bm":0},{"ddd":0,"ind":4,"ty":0,"nm":"Circuit","refId":"comp_2","sr":1,"ks":{"o":{"a":0,"k":100,"ix":11},"r":{"a":0,"k":0,"ix":10},"p":{"a":0,"k":[2000,2000,0],"ix":2},"a":{"a":0,"k":[2000,2000,0],"ix":1},"s":{"a":0,"k":[100,100,100],"ix":6}},"ao":0,"w":4000,"h":4000,"ip":0,"op":360,"st":0,"bm":0}],"markers":[{"tm":60,"cm":"House Formed","dr":0},{"tm":101,"cm":"Circles Formed","dr":0},{"tm":105,"cm":"Circle Fill Begins","dr":0},{"tm":275,"cm":"Deform Begins","dr":0},{"tm":276,"cm":"House Deform","dr":0},{"tm":290,"cm":"Circles Deform","dr":0}]}
