{"v":"5.0.0","fr":10,"ip":0,"op":10,"w":64,"h":64,"ddd":0,"assets":[],"layers":[{"ddd":0,"ind":4,"nm":"Artboard","ks":{"p":{"a":0,"k":[0,0.5]},"a":{"a":0,"k":[0,0,0]},"s":{"a":0,"k":[100,100,100]},"r":{"a":0,"k":0},"o":{"a":0,"k":100}},"ao":0,"ip":0,"op":10,"st":0,"bm":0,"sr":1,"ty":4,"shapes":[{"ty":"gr","it":[{"ty":"gr","it":[{"ty":"sh","d":1,"ks":{"a":1,"k":[{"i":{"x":[0.07],"y":[1]},"o":{"x":[0.86],"y":[0]},"t":1,"s":[{"i":[[0,0],[0,0],[0,0]],"o":[[0,0],[0,0],[0,0]],"v":[[3.623,16.91],[2.755,26.223],[10.331,24.627]],"c":false}],"e":[{"i":[[0,0],[0,0],[0,0]],"o":[[0,0],[0,0],[0,0]],"v":[[3.623,16.91],[0.676,23.266],[4.711,26.383]],"c":false}]},{"i":{"x":[0.07],"y":[1]},"o":{"x":[0.86],"y":[0]},"t":5,"s":[{"i":[[0,0],[0,0],[0,0]],"o":[[0,0],[0,0],[0,0]],"v":[[3.623,16.91],[0.676,23.266],[4.711,26.383]],"c":false}],"e":[{"i":[[0,0],[0,0],[0,0]],"o":[[0,0],[0,0],[0,0]],"v":[[3.623,16.91],[2.755,26.223],[10.331,24.627]],"c":false}]},{"t":10}],"nm":"Name","hd":false}},{"ty":"st","c":{"a":0,"k":[1,0.329,0.271,1]},"nm":"Stroke 1","o":{"a":0,"k":100},"w":{"a":0,"k":3.75},"lc":2,"lj":2,"ml":4},{"ty":"tr","p":{"a":1,"k":[{"i":{"x":[0.07],"y":[1]},"o":{"x":[0.86],"y":[0]},"t":0,"s":[6.543,21.567],"e":[6.543,22.567]},{"i":{"x":[0.07],"y":[1]},"o":{"x":[0.86],"y":[0]},"t":5,"s":[6.543,22.567],"e":[6.543,21.567]},{"t":10}]},"a":{"a":0,"k":[6.543,21.567]},"s":{"a":0,"k":[100,100]},"r":{"a":0,"k":41},"o":{"a":0,"k":100},"sk":{"a":0,"k":0},"sa":{"a":0,"k":0,"ix":5},"nm":"Transform"}],"nm":"hand_r","ln":"hand_r","hd":false},{"ty":"gr","it":[{"ty":"sh","d":1,"ks":{"a":1,"k":[{"i":{"x":[0.07],"y":[1]},"o":{"x":[0.86],"y":[0]},"t":1,"s":[{"i":[[0,0],[0,0],[0,0]],"o":[[0,0],[0,0],[0,0]],"v":[[18.382,14.512],[15.57,23.851],[21.39,28.283]],"c":false}],"e":[{"i":[[0,0],[0,0],[0,0]],"o":[[0,0],[0,0],[0,0]],"v":[[18.382,14.512],[17.123,23.375],[23.541,20.447]],"c":false}]},{"i":{"x":[0.07],"y":[1]},"o":{"x":[0.86],"y":[0]},"t":5,"s":[{"i":[[0,0],[0,0],[0,0]],"o":[[0,0],[0,0],[0,0]],"v":[[18.382,14.512],[17.123,23.375],[23.541,20.447]],"c":false}],"e":[{"i":[[0,0],[0,0],[0,0]],"o":[[0,0],[0,0],[0,0]],"v":[[18.382,14.512],[15.57,23.851],[21.39,28.283]],"c":false}]},{"t":10}],"nm":"Name","hd":false}},{"ty":"st","c":{"a":0,"k":[1,0.329,0.271,1]},"nm":"Stroke 1","o":{"a":0,"k":100},"w":{"a":0,"k":3.75},"lc":2,"lj":2,"ml":4},{"ty":"tr","p":{"a":1,"k":[{"i":{"x":[0.07],"y":[1]},"o":{"x":[0.86],"y":[0]},"t":0,"s":[18.389,-6.875],"e":[18.389,-5.875]},{"i":{"x":[0.07],"y":[1]},"o":{"x":[0.86],"y":[0]},"t":5,"s":[18.389,-5.875],"e":[18.389,-6.875]},{"t":10}]},"a":{"a":0,"k":[0,0]},"s":{"a":0,"k":[-100,100]},"r":{"a":0,"k":-41},"o":{"a":0,"k":100},"sk":{"a":0,"k":0},"sa":{"a":0,"k":0,"ix":5},"nm":"Transform"}],"nm":"hand_l","ln":"hand_l","hd":false},{"ty":"gr","it":[{"ty":"sh","d":1,"ks":{"a":1,"k":[{"i":{"x":[0.07],"y":[1]},"o":{"x":[0.86],"y":[0]},"t":0,"s":[{"i":[[0,0],[0,0],[0,0],[0,0]],"o":[[0,0],[0,0],[0,0],[0,0]],"v":[[13.619,41.426],[16.095,51.468],[17.952,59],[21.048,55.234]],"c":false}],"e":[{"i":[[0,0],[0,0],[0,0],[0,0]],"o":[[0,0],[0,0],[0,0],[0,0]],"v":[[13.619,41.426],[17.952,47],[13.952,51],[15.952,54]],"c":false}]},{"i":{"x":[0.07],"y":[1]},"o":{"x":[0.86],"y":[0]},"t":5,"s":[{"i":[[0,0],[0,0],[0,0],[0,0]],"o":[[0,0],[0,0],[0,0],[0,0]],"v":[[13.619,41.426],[17.952,47],[13.952,51],[15.952,54]],"c":false}],"e":[{"i":[[0,0],[0,0],[0,0],[0,0]],"o":[[0,0],[0,0],[0,0],[0,0]],"v":[[13.619,41.426],[16.095,51.468],[17.952,59],[21.048,55.234]],"c":false}]},{"t":10}],"nm":"Name","hd":false}},{"ty":"st","c":{"a":0,"k":[1,0.329,0.271,1]},"nm":"Stroke 1","o":{"a":0,"k":100},"w":{"a":0,"k":3.75},"lc":2,"lj":2,"ml":4},{"ty":"tr","p":{"a":0,"k":[13.619,41.426]},"a":{"a":0,"k":[13.619,41.426]},"s":{"a":0,"k":[100,100]},"r":{"a":0,"k":0},"o":{"a":0,"k":100},"sk":{"a":0,"k":0},"sa":{"a":0,"k":0,"ix":5},"nm":"Transform"}],"nm":"leg_l-","ln":"leg_l-","hd":false},{"ty":"gr","it":[{"ty":"sh","d":1,"ks":{"a":1,"k":[{"i":{"x":[0.07],"y":[1]},"o":{"x":[0.86],"y":[0]},"t":0,"s":[{"i":[[0,0],[0,0],[0,0],[0,0]],"o":[[0,0],[0,0],[0,0],[0,0]],"v":[[2.476,41.426],[7.429,47.702],[5.15,52.421],[6.388,54.931]],"c":false}],"e":[{"i":[[0,0],[0,0],[0,0],[0,0]],"o":[[0,0],[0,0],[0,0],[0,0]],"v":[[2.476,41.426],[3.905,49],[4.905,59],[8.905,55]],"c":false}]},{"i":{"x":[0.07],"y":[1]},"o":{"x":[0.86],"y":[0]},"t":5,"s":[{"i":[[0,0],[0,0],[0,0],[0,0]],"o":[[0,0],[0,0],[0,0],[0,0]],"v":[[2.476,41.426],[3.905,49],[4.905,59],[8.905,55]],"c":false}],"e":[{"i":[[0,0],[0,0],[0,0],[0,0]],"o":[[0,0],[0,0],[0,0],[0,0]],"v":[[2.476,41.426],[7.429,47.702],[5.15,52.421],[6.388,54.931]],"c":false}]},{"t":10}],"nm":"Name","hd":false}},{"ty":"st","c":{"a":0,"k":[1,0.329,0.271,1]},"nm":"Stroke 1","o":{"a":0,"k":100},"w":{"a":0,"k":3.75},"lc":2,"lj":2,"ml":4},{"ty":"tr","p":{"a":0,"k":[7.429,41.426]},"a":{"a":0,"k":[2.476,41.426]},"s":{"a":0,"k":[-100,100]},"r":{"a":0,"k":0},"o":{"a":0,"k":100},"sk":{"a":0,"k":0},"sa":{"a":0,"k":0,"ix":5},"nm":"Transform"}],"nm":"leg_r","ln":"leg_r","hd":false},{"ty":"gr","it":[{"ty":"gr","it":[{"ty":"sh","d":1,"ks":{"a":0,"k":{"i":[[0,0],[0,2.621],[2.051,0],[0,-2.171],[-2.051,0]],"o":[[2.052,0],[0,-2.621],[-2.051,0],[0,2.171],[0,0]],"v":[[0.476,16.385],[2.286,12.454],[0.476,9.833],[-1.238,12.454],[0.476,16.385]],"c":true},"nm":"Name","hd":false}},{"ty":"fl","c":{"a":0,"k":[0,0,0,1]},"nm":"Fill 1","hd":false,"o":{"a":0,"k":100},"r":2},{"ty":"tr","p":{"a":1,"k":[{"i":{"x":[0.833],"y":[0.833]},"o":{"x":[0.167],"y":[0.167]},"t":0,"s":[4,0],"e":[4,1]},{"i":{"x":[0.833],"y":[0.833]},"o":{"x":[0.167],"y":[0.167]},"t":5,"s":[4,1],"e":[4,0]},{"t":10}]},"a":{"a":0,"k":[0,0]},"s":{"a":0,"k":[100,100]},"r":{"a":0,"k":0},"o":{"a":0,"k":12},"sk":{"a":0,"k":0},"sa":{"a":0,"k":0,"ix":5},"nm":"Transform"}],"nm":"shadow_r-l","ln":"shadow_r-l","hd":false},{"ty":"gr","it":[{"ty":"sh","d":1,"ks":{"a":0,"k":{"i":[[0,0],[0,2.621],[2.051,0],[0,-2.171],[-2.051,0]],"o":[[2.052,0],[0,-2.621],[-2.051,0],[0,2.171],[0,0]],"v":[[0.476,16.385],[2.286,12.454],[0.476,9.833],[-1.238,12.454],[0.476,16.385]],"c":true},"nm":"Name","hd":false}},{"ty":"fl","c":{"a":0,"k":[0,0,0,1]},"nm":"Fill 1","hd":false,"o":{"a":0,"k":100},"r":2},{"ty":"tr","p":{"a":1,"k":[{"i":{"x":[0.833],"y":[0.833]},"o":{"x":[0.167],"y":[0.167]},"t":0,"s":[9,0],"e":[9,1]},{"i":{"x":[0.833],"y":[0.833]},"o":{"x":[0.167],"y":[0.167]},"t":5,"s":[9,1],"e":[9,0]},{"t":10}]},"a":{"a":0,"k":[0,0]},"s":{"a":0,"k":[100,100]},"r":{"a":0,"k":0},"o":{"a":0,"k":12},"sk":{"a":0,"k":0},"sa":{"a":0,"k":0,"ix":5},"nm":"Transform"}],"nm":"shadow_r","ln":"shadow_r","hd":false},{"ty":"gr","it":[{"ty":"gr","it":[{"d":1,"ty":"el","s":{"a":0,"k":[11.798,11.947]},"p":{"a":0,"k":[0,0]}},{"ty":"fl","c":{"a":0,"k":[1,0.329,0.271,1]},"nm":"Fill 1","hd":false,"o":{"a":0,"k":100},"r":2},{"ty":"tr","p":{"a":1,"k":[{"i":{"x":[0.355],"y":[1]},"o":{"x":[0.645],"y":[0.045]},"t":0,"s":[-4.887,0],"e":[-4.887,1]},{"i":{"x":[0.355],"y":[1]},"o":{"x":[0.645],"y":[0.045]},"t":5,"s":[-4.887,1],"e":[-4.887,0]},{"t":10}]},"a":{"a":0,"k":[-10.851,-5.974]},"s":{"a":0,"k":[100,100]},"r":{"a":0,"k":0},"o":{"a":0,"k":100},"sk":{"a":0,"k":0},"sa":{"a":0,"k":0,"ix":5},"nm":"Transform"}],"nm":"head","ln":"head","hd":false},{"ty":"gr","it":[{"d":1,"ty":"rc","s":{"a":0,"k":[11.78,31.9]},"p":{"a":0,"k":[5.89,15.95]},"r":{"a":0,"k":6}},{"ty":"fl","c":{"a":0,"k":[1,0.329,0.271,1]},"nm":"Fill 1","hd":false,"o":{"a":0,"k":100},"r":2},{"ty":"tr","p":{"a":0,"k":[2.868,27.897]},"a":{"a":0,"k":[3,15.95]},"s":{"a":0,"k":[100,100]},"r":{"a":0,"k":0},"o":{"a":0,"k":100},"sk":{"a":0,"k":0},"sa":{"a":0,"k":0,"ix":5},"nm":"Transform"}],"nm":"Object","hd":false},{"ty":"tr","p":{"a":1,"k":[{"i":{"x":[0.515],"y":[0.955]},"o":{"x":[0.455],"y":[0.03]},"t":0,"s":[7.105,9.74],"e":[7.105,10.74]},{"i":{"x":[0.515],"y":[0.955]},"o":{"x":[0.455],"y":[0.03]},"t":5,"s":[7.105,10.74],"e":[7.105,9.74]},{"t":10}]},"a":{"a":0,"k":[5.932,22.227]},"s":{"a":0,"k":[100,100]},"r":{"a":0,"k":0},"o":{"a":0,"k":100},"sk":{"a":0,"k":0},"sa":{"a":0,"k":0,"ix":5},"nm":"Transform"}],"nm":"head_body","ln":"head_body","hd":false},{"ty":"tr","p":{"a":0,"k":[3.714,12.487]},"a":{"a":0,"k":[0,0]},"s":{"a":0,"k":[100,100]},"r":{"a":0,"k":0},"o":{"a":0,"k":100},"sk":{"a":0,"k":0},"sa":{"a":0,"k":0,"ix":5},"nm":"Transform"}],"nm":"body_main","ln":"body_main","hd":false},{"ty":"tr","p":{"a":0,"k":[19,2]},"a":{"a":0,"k":[0,0]},"s":{"a":0,"k":[100,100]},"r":{"a":0,"k":0},"o":{"a":0,"k":100},"sk":{"a":0,"k":0},"sa":{"a":0,"k":0,"ix":5},"nm":"Transform"}],"nm":"steps","ln":"steps","hd":false}],"ln":"Artboard"},{"ddd":0,"ind":3,"nm":"Layer 3","ks":{"p":{"a":0,"k":[0,0]},"a":{"a":0,"k":[0,0,0]},"s":{"a":0,"k":[100,100,100]},"r":{"a":0,"k":0},"o":{"a":0,"k":100}},"ao":0,"ip":0,"op":10,"st":0,"bm":0,"sr":1,"ty":4,"shapes":[]},{"ddd":0,"ind":2,"nm":"Layer 2","ks":{"p":{"a":0,"k":[0,0]},"a":{"a":0,"k":[0,0,0]},"s":{"a":0,"k":[100,100,100]},"r":{"a":0,"k":0},"o":{"a":0,"k":100}},"ao":0,"ip":0,"op":10,"st":0,"bm":0,"sr":1,"ty":4,"shapes":[]},{"ddd":0,"ind":1,"nm":"Layer 1","ks":{"p":{"a":0,"k":[0,0]},"a":{"a":0,"k":[0,0,0]},"s":{"a":0,"k":[100,100,100]},"r":{"a":0,"k":0},"o":{"a":0,"k":100}},"ao":0,"ip":0,"op":10,"st":0,"bm":0,"sr":1,"ty":4,"shapes":[]}]}