{"v":"5.3.4","fr":60,"ip":0,"op":114,"w":1000,"h":1000,"nm":"Bell","ddd":0,"assets":[],"layers":[{"ddd":0,"ind":1,"ty":4,"nm":"bell","sr":1,"ks":{"o":{"a":0,"k":100,"ix":11},"r":{"a":0,"k":0,"ix":10,"x":"var $bm_rt;\nvar veloc, amplitude, decay;\nveloc = 15;\namplitude = 65;\ndecay = 4;\n$bm_rt = div(mul(amplitude, Math.sin(mul(veloc, time))), Math.exp(mul(decay, time)));"},"p":{"a":0,"k":[487.763,247.222,0],"ix":2},"a":{"a":0,"k":[222.773,0.332,0],"ix":1},"s":{"a":0,"k":[100,100,100],"ix":6}},"ao":0,"ef":[{"ty":20,"nm":"Tint","np":6,"mn":"ADBE Tint","ix":1,"en":1,"ef":[{"ty":2,"nm":"Map Black To","mn":"ADBE Tint-0001","ix":1,"v":{"a":0,"k":[1,1,1,1],"ix":1}},{"ty":2,"nm":"Map White To","mn":"ADBE Tint-0002","ix":2,"v":{"a":0,"k":[1,1,1,0],"ix":2}},{"ty":0,"nm":"Amount to Tint","mn":"ADBE Tint-0003","ix":3,"v":{"a":0,"k":100,"ix":3}},{"ty":6,"nm":"","mn":"ADBE Tint-0004","ix":4,"v":0}]}],"shapes":[{"ty":"gr","it":[{"ind":0,"ty":"sh","ix":1,"ks":{"a":0,"k":{"i":[[111.003,-1.62],[0.035,10.718],[-126.897,1.862],[-0.045,-20.654]],"o":[[-110.992,1.623],[-0.054,-18.496],[126.906,-1.854],[0.033,12.198]],"v":[[0.152,189.645],[-183.904,149.559],[-0.116,102.536],[183.944,144.176]],"c":true},"ix":2},"nm":"Path 1","mn":"ADBE Vector Shape - Group","hd":false},{"ind":1,"ty":"sh","ix":2,"ks":{"a":0,"k":{"i":[[5.777,60.811],[94.843,31.432],[28.926,-0.413],[33.738,-12.177],[13.044,-144.794],[-0.132,-61.058],[-124.283,1.822],[0.107,44.517]],"o":[[-13.667,-144.417],[-33.777,-11.193],[-28.906,0.424],[-94.682,34.199],[-5.475,60.987],[0.106,44.517],[124.279,-1.811],[-0.137,-61.06]],"v":[[166.719,37.78],[44.953,-195.769],[-0.84,-228.669],[-46.478,-194.429],[-167.187,42.656],[-222.391,150.114],[0.237,227.26],[222.416,143.616]],"c":true},"ix":2},"nm":"Path 2","mn":"ADBE Vector Shape - Group","hd":false},{"ty":"mm","mm":1,"nm":"Merge Paths 1","mn":"ADBE Vector Filter - Merge","hd":false},{"ty":"fl","c":{"a":0,"k":[1,1,1,1],"ix":4},"o":{"a":0,"k":100,"ix":5},"r":1,"nm":"Fill 1","mn":"ADBE Vector Graphic - Fill","hd":false},{"ty":"tr","p":{"a":0,"k":[222.773,229.332],"ix":2},"a":{"a":0,"k":[0,0],"ix":1},"s":{"a":0,"k":[100,100],"ix":3},"r":{"a":0,"k":0,"ix":6},"o":{"a":0,"k":100,"ix":7},"sk":{"a":0,"k":0,"ix":4},"sa":{"a":0,"k":0,"ix":5},"nm":"Transform"}],"nm":"Group 1","np":4,"cix":2,"ix":1,"mn":"ADBE Vector Group","hd":false}],"ip":0,"op":114,"st":0,"bm":0},{"ddd":0,"ind":2,"ty":4,"nm":"ball","sr":1,"ks":{"o":{"a":0,"k":100,"ix":11},"r":{"a":1,"k":[{"i":{"x":[0.795],"y":[1]},"o":{"x":[0.211],"y":[0.323]},"n":["0p795_1_0p211_0p323"],"t":1,"s":[0],"e":[43.775]},{"i":{"x":[0.52],"y":[1]},"o":{"x":[0.624],"y":[-0.017]},"n":["0p52_1_0p624_-0p017"],"t":7,"s":[43.775],"e":[24.32]},{"i":{"x":[0.508],"y":[1]},"o":{"x":[0.086],"y":[0]},"n":["0p508_1_0p086_0"],"t":13,"s":[24.32],"e":[-43.097]},{"i":{"x":[0.632],"y":[1]},"o":{"x":[0.12],"y":[0.089]},"n":["0p632_1_0p12_0p089"],"t":20,"s":[-43.097],"e":[20.069]},{"i":{"x":[0.524],"y":[1]},"o":{"x":[0.259],"y":[0]},"n":["0p524_1_0p259_0"],"t":31,"s":[20.069],"e":[-5.374]},{"i":{"x":[0.656],"y":[1]},"o":{"x":[0.334],"y":[0.015]},"n":["0p656_1_0p334_0p015"],"t":44,"s":[-5.374],"e":[2.655]},{"i":{"x":[0.652],"y":[1]},"o":{"x":[0.465],"y":[0]},"n":["0p652_1_0p465_0"],"t":56,"s":[2.655],"e":[-1.459]},{"i":{"x":[0.617],"y":[1]},"o":{"x":[0.167],"y":[0]},"n":["0p617_1_0p167_0"],"t":70,"s":[-1.459],"e":[0]},{"i":{"x":[0.833],"y":[1]},"o":{"x":[0.379],"y":[0]},"n":["0p833_1_0p379_0"],"t":78,"s":[0],"e":[-0.501]},{"t":84}],"ix":10},"p":{"a":0,"k":[488.425,359.719,0],"ix":2},"a":{"a":0,"k":[43.89,-235.07,0],"ix":1},"s":{"a":0,"k":[100,100,100],"ix":6}},"ao":0,"hasMask":true,"masksProperties":[{"inv":false,"mode":"a","pt":{"a":1,"k":[{"i":{"x":0.833,"y":0.833},"o":{"x":0.167,"y":0.167},"n":"0p833_0p833_0p167_0p167","t":0,"s":[{"i":[[0,0],[0,0],[0,0],[0,0],[190,0]],"o":[[0,0],[0,0],[0,0],[0,0],[-173.5,0]],"v":[[-140.785,47.119],[-140.535,64.218],[226.965,64.218],[226.965,43.119],[43.465,0.619]],"c":true}],"e":[{"i":[[0,0],[0,0],[0,0],[0,0],[183.794,48.163]],"o":[[0,0],[0,0],[0,0],[0,0],[-167.833,-43.981]],"v":[[-236.399,-16.795],[-240.492,-0.192],[115.005,92.966],[120.353,72.557],[-46.38,-15.071]],"c":true}]},{"i":{"x":0.833,"y":0.833},"o":{"x":0.167,"y":0.167},"n":"0p833_0p833_0p167_0p167","t":1,"s":[{"i":[[0,0],[0,0],[0,0],[0,0],[183.794,48.163]],"o":[[0,0],[0,0],[0,0],[0,0],[-167.833,-43.981]],"v":[[-236.399,-16.795],[-240.492,-0.192],[115.005,92.966],[120.353,72.557],[-46.38,-15.071]],"c":true}],"e":[{"i":[[0,0],[0,0],[0,0],[0,0],[181.556,55.496]],"o":[[0,0],[0,0],[0,0],[0,0],[-165.789,-50.677]],"v":[[-267.246,-24.679],[-272.001,-8.267],[79.166,99.075],[85.328,78.914],[-77.603,-15.295]],"c":true}]},{"i":{"x":0.833,"y":0.833},"o":{"x":0.167,"y":0.167},"n":"0p833_0p833_0p167_0p167","t":2,"s":[{"i":[[0,0],[0,0],[0,0],[0,0],[181.556,55.496]],"o":[[0,0],[0,0],[0,0],[0,0],[-165.789,-50.677]],"v":[[-267.246,-24.679],[-272.001,-8.267],[79.166,99.075],[85.328,78.914],[-77.603,-15.295]],"c":true}],"e":[{"i":[[0,0],[0,0],[0,0],[0,0],[181.177,56.553]],"o":[[0,0],[0,0],[0,0],[0,0],[-165.443,-51.642]],"v":[[-285.058,-18.935],[-289.909,-2.555],[60.526,106.83],[66.806,86.711],[-95.523,-8.434]],"c":true}]},{"i":{"x":0.833,"y":0.833},"o":{"x":0.167,"y":0.167},"n":"0p833_0p833_0p167_0p167","t":3,"s":[{"i":[[0,0],[0,0],[0,0],[0,0],[181.177,56.553]],"o":[[0,0],[0,0],[0,0],[0,0],[-165.443,-51.642]],"v":[[-285.058,-18.935],[-289.909,-2.555],[60.526,106.83],[66.806,86.711],[-95.523,-8.434]],"c":true}],"e":[{"i":[[0,0],[0,0],[0,0],[0,0],[187.447,31.041]],"o":[[0,0],[0,0],[0,0],[0,0],[-171.169,-28.346]],"v":[[-267.999,28.486],[-270.546,45.396],[92.016,105.437],[95.463,84.621],[-78.628,12.713]],"c":true}]},{"i":{"x":0.833,"y":0.833},"o":{"x":0.167,"y":0.167},"n":"0p833_0p833_0p167_0p167","t":5,"s":[{"i":[[0,0],[0,0],[0,0],[0,0],[187.447,31.041]],"o":[[0,0],[0,0],[0,0],[0,0],[-171.169,-28.346]],"v":[[-267.999,28.486],[-270.546,45.396],[92.016,105.437],[95.463,84.621],[-78.628,12.713]],"c":true}],"e":[{"i":[[0,0],[0,0],[0,0],[0,0],[188.508,8.927]],"o":[[0,0],[0,0],[0,0],[0,0],[-172.138,-8.151]],"v":[[-232.533,62.165],[-233.089,79.141],[131.525,96.407],[132.517,75.474],[-47.546,24.686]],"c":true}]},{"i":{"x":0.833,"y":0.833},"o":{"x":0.167,"y":0.167},"n":"0p833_0p833_0p167_0p167","t":6,"s":[{"i":[[0,0],[0,0],[0,0],[0,0],[188.508,8.927]],"o":[[0,0],[0,0],[0,0],[0,0],[-172.138,-8.151]],"v":[[-232.533,62.165],[-233.089,79.141],[131.525,96.407],[132.517,75.474],[-47.546,24.686]],"c":true}],"e":[{"i":[[0,0],[0,0],[0,0],[0,0],[187.283,-13.297]],"o":[[0,0],[0,0],[0,0],[0,0],[-171.019,12.142]],"v":[[-191.977,88.241],[-190.534,105.078],[171.711,79.359],[170.234,58.562],[-13.616,29.512]],"c":true}]},{"i":{"x":0.833,"y":0.833},"o":{"x":0.167,"y":0.167},"n":"0p833_0p833_0p167_0p167","t":7,"s":[{"i":[[0,0],[0,0],[0,0],[0,0],[187.283,-13.297]],"o":[[0,0],[0,0],[0,0],[0,0],[-171.019,12.142]],"v":[[-191.977,88.241],[-190.534,105.078],[171.711,79.359],[170.234,58.562],[-13.616,29.512]],"c":true}],"e":[{"i":[[0,0],[0,0],[0,0],[0,0],[187.682,-26.795]],"o":[[0,0],[0,0],[0,0],[0,0],[-171.383,24.468]],"v":[[-154.906,100.088],[-152.248,116.943],[210.768,65.116],[207.793,44.275],[20.538,28.172]],"c":true}]},{"i":{"x":0.833,"y":0.833},"o":{"x":0.167,"y":0.167},"n":"0p833_0p833_0p167_0p167","t":8,"s":[{"i":[[0,0],[0,0],[0,0],[0,0],[187.682,-26.795]],"o":[[0,0],[0,0],[0,0],[0,0],[-171.383,24.468]],"v":[[-154.906,100.088],[-152.248,116.943],[210.768,65.116],[207.793,44.275],[20.538,28.172]],"c":true}],"e":[{"i":[[0,0],[0,0],[0,0],[0,0],[183.123,-47.054]],"o":[[0,0],[0,0],[0,0],[0,0],[-167.22,42.968]],"v":[[-118.862,108.173],[-114.387,124.591],[239.811,33.578],[234.586,13.243],[47.203,17.726]],"c":true}]},{"i":{"x":0.833,"y":0.833},"o":{"x":0.167,"y":0.167},"n":"0p833_0p833_0p167_0p167","t":9,"s":[{"i":[[0,0],[0,0],[0,0],[0,0],[183.123,-47.054]],"o":[[0,0],[0,0],[0,0],[0,0],[-167.22,42.968]],"v":[[-118.862,108.173],[-114.387,124.591],[239.811,33.578],[234.586,13.243],[47.203,17.726]],"c":true}],"e":[{"i":[[0,0],[0,0],[0,0],[0,0],[181.973,-52.877]],"o":[[0,0],[0,0],[0,0],[0,0],[-166.17,48.285]],"v":[[-87.297,102.169],[-82.299,118.476],[269.675,16.2],[263.803,-4.007],[76.228,6.357]],"c":true}]},{"i":{"x":0.833,"y":0.833},"o":{"x":0.167,"y":0.167},"n":"0p833_0p833_0p167_0p167","t":10,"s":[{"i":[[0,0],[0,0],[0,0],[0,0],[181.973,-52.877]],"o":[[0,0],[0,0],[0,0],[0,0],[-166.17,48.285]],"v":[[-87.297,102.169],[-82.299,118.476],[269.675,16.2],[263.803,-4.007],[76.228,6.357]],"c":true}],"e":[{"i":[[0,0],[0,0],[0,0],[0,0],[181.284,-55.519]],"o":[[0,0],[0,0],[0,0],[0,0],[-165.541,50.697]],"v":[[-67.748,96.791],[-62.513,113.032],[288.129,5.647],[281.964,-14.484],[94.462,-1.415]],"c":true}]},{"i":{"x":0.833,"y":0.833},"o":{"x":0.167,"y":0.167},"n":"0p833_0p833_0p167_0p167","t":11,"s":[{"i":[[0,0],[0,0],[0,0],[0,0],[181.284,-55.519]],"o":[[0,0],[0,0],[0,0],[0,0],[-165.541,50.697]],"v":[[-67.748,96.791],[-62.513,113.032],[288.129,5.647],[281.964,-14.484],[94.462,-1.415]],"c":true}],"e":[{"i":[[0,0],[0,0],[0,0],[0,0],[176.811,-69.839]],"o":[[0,0],[0,0],[0,0],[0,0],[-161.456,63.774]],"v":[[-32.623,97.728],[-26.106,113.548],[315.884,-21.535],[308.128,-41.169],[121.744,-13.269]],"c":true}]},{"i":{"x":0.833,"y":0.833},"o":{"x":0.167,"y":0.167},"n":"0p833_0p833_0p167_0p167","t":12,"s":[{"i":[[0,0],[0,0],[0,0],[0,0],[176.811,-69.839]],"o":[[0,0],[0,0],[0,0],[0,0],[-161.456,63.774]],"v":[[-32.623,97.728],[-26.106,113.548],[315.884,-21.535],[308.128,-41.169],[121.744,-13.269]],"c":true}],"e":[{"i":[[0,0],[0,0],[0,0],[0,0],[168.072,-87.849]],"o":[[0,0],[0,0],[0,0],[0,0],[-153.476,80.22]],"v":[[13.927,95.442],[22.054,110.452],[347.14,-59.465],[337.385,-78.129],[155.413,-30.881]],"c":true}]},{"i":{"x":0.833,"y":0.833},"o":{"x":0.167,"y":0.167},"n":"0p833_0p833_0p167_0p167","t":13,"s":[{"i":[[0,0],[0,0],[0,0],[0,0],[168.072,-87.849]],"o":[[0,0],[0,0],[0,0],[0,0],[-153.476,80.22]],"v":[[13.927,95.442],[22.054,110.452],[347.14,-59.465],[337.385,-78.129],[155.413,-30.881]],"c":true}],"e":[{"i":[[0,0],[0,0],[0,0],[0,0],[177.238,-67.552]],"o":[[0,0],[0,0],[0,0],[0,0],[-161.846,61.685]],"v":[[-12.746,86.491],[-6.434,102.352],[336.382,-28.307],[328.881,-47.989],[142.596,-22.393]],"c":true}]},{"i":{"x":0.833,"y":0.833},"o":{"x":0.167,"y":0.167},"n":"0p833_0p833_0p167_0p167","t":14,"s":[{"i":[[0,0],[0,0],[0,0],[0,0],[177.238,-67.552]],"o":[[0,0],[0,0],[0,0],[0,0],[-161.846,61.685]],"v":[[-12.746,86.491],[-6.434,102.352],[336.382,-28.307],[328.881,-47.989],[142.596,-22.393]],"c":true}],"e":[{"i":[[0,0],[0,0],[0,0],[0,0],[185.815,-34.968]],"o":[[0,0],[0,0],[0,0],[0,0],[-169.679,31.932]],"v":[[-56.672,71.326],[-53.281,88.002],[306.125,20.366],[302.242,-0.268],[114.962,-8.06]],"c":true}]},{"i":{"x":0.833,"y":0.833},"o":{"x":0.167,"y":0.167},"n":"0p833_0p833_0p167_0p167","t":15,"s":[{"i":[[0,0],[0,0],[0,0],[0,0],[185.815,-34.968]],"o":[[0,0],[0,0],[0,0],[0,0],[-169.679,31.932]],"v":[[-56.672,71.326],[-53.281,88.002],[306.125,20.366],[302.242,-0.268],[114.962,-8.06]],"c":true}],"e":[{"i":[[0,0],[0,0],[0,0],[0,0],[189.383,-2.767]],"o":[[0,0],[0,0],[0,0],[0,0],[-172.936,2.526]],"v":[[-106.408,52.492],[-105.909,69.532],[260.396,64.181],[260.089,43.151],[76.567,3.46]],"c":true}]},{"i":{"x":0.833,"y":0.833},"o":{"x":0.167,"y":0.167},"n":"0p833_0p833_0p167_0p167","t":16,"s":[{"i":[[0,0],[0,0],[0,0],[0,0],[189.383,-2.767]],"o":[[0,0],[0,0],[0,0],[0,0],[-172.936,2.526]],"v":[[-106.408,52.492],[-105.909,69.532],[260.396,64.181],[260.089,43.151],[76.567,3.46]],"c":true}],"e":[{"i":[[0,0],[0,0],[0,0],[0,0],[185.225,29.188]],"o":[[0,0],[0,0],[0,0],[0,0],[-169.139,-26.654]],"v":[[-142.33,24.136],[-144.713,40.843],[213.55,97.3],[216.792,76.731],[44.433,7.109]],"c":true}]},{"i":{"x":0.833,"y":0.833},"o":{"x":0.167,"y":0.167},"n":"0p833_0p833_0p167_0p167","t":17,"s":[{"i":[[0,0],[0,0],[0,0],[0,0],[185.225,29.188]],"o":[[0,0],[0,0],[0,0],[0,0],[-169.139,-26.654]],"v":[[-142.33,24.136],[-144.713,40.843],[213.55,97.3],[216.792,76.731],[44.433,7.109]],"c":true}],"e":[{"i":[[0,0],[0,0],[0,0],[0,0],[182.085,54.269]],"o":[[0,0],[0,0],[0,0],[0,0],[-166.272,-49.556]],"v":[[-178.597,-4.074],[-183.241,12.384],[168.949,117.351],[174.976,97.131],[11.259,3.989]],"c":true}]},{"i":{"x":0.833,"y":0.833},"o":{"x":0.167,"y":0.167},"n":"0p833_0p833_0p167_0p167","t":18,"s":[{"i":[[0,0],[0,0],[0,0],[0,0],[182.085,54.269]],"o":[[0,0],[0,0],[0,0],[0,0],[-166.272,-49.556]],"v":[[-178.597,-4.074],[-183.241,12.384],[168.949,117.351],[174.976,97.131],[11.259,3.989]],"c":true}],"e":[{"i":[[0,0],[0,0],[0,0],[0,0],[175.268,71.748]],"o":[[0,0],[0,0],[0,0],[0,0],[-160.048,-65.518]],"v":[[-207.205,-27.059],[-213.431,-11.192],[125.574,127.584],[133.542,108.122],[-19.682,-0.377]],"c":true}]},{"i":{"x":0.833,"y":0.833},"o":{"x":0.167,"y":0.167},"n":"0p833_0p833_0p167_0p167","t":19,"s":[{"i":[[0,0],[0,0],[0,0],[0,0],[175.268,71.748]],"o":[[0,0],[0,0],[0,0],[0,0],[-160.048,-65.518]],"v":[[-207.205,-27.059],[-213.431,-11.192],[125.574,127.584],[133.542,108.122],[-19.682,-0.377]],"c":true}],"e":[{"i":[[0,0],[0,0],[0,0],[0,0],[170.534,84.033]],"o":[[0,0],[0,0],[0,0],[0,0],[-155.724,-76.735]],"v":[[-223.372,-45.684],[-230.71,-30.227],[99.138,132.31],[108.469,113.373],[-37.434,-5.931]],"c":true}]},{"i":{"x":0.833,"y":0.833},"o":{"x":0.167,"y":0.167},"n":"0p833_0p833_0p167_0p167","t":20,"s":[{"i":[[0,0],[0,0],[0,0],[0,0],[170.534,84.033]],"o":[[0,0],[0,0],[0,0],[0,0],[-155.724,-76.735]],"v":[[-223.372,-45.684],[-230.71,-30.227],[99.138,132.31],[108.469,113.373],[-37.434,-5.931]],"c":true}],"e":[{"i":[[0,0],[0,0],[0,0],[0,0],[181.32,57.578]],"o":[[0,0],[0,0],[0,0],[0,0],[-165.574,-52.577]],"v":[[-199.994,-18.176],[-204.937,-1.782],[145.775,109.585],[152.169,89.45],[-10.069,-6.716]],"c":true}]},{"i":{"x":0.833,"y":0.833},"o":{"x":0.167,"y":0.167},"n":"0p833_0p833_0p167_0p167","t":22,"s":[{"i":[[0,0],[0,0],[0,0],[0,0],[181.32,57.578]],"o":[[0,0],[0,0],[0,0],[0,0],[-165.574,-52.577]],"v":[[-199.994,-18.176],[-204.937,-1.782],[145.775,109.585],[152.169,89.45],[-10.069,-6.716]],"c":true}],"e":[{"i":[[0,0],[0,0],[0,0],[0,0],[185.72,43.107]],"o":[[0,0],[0,0],[0,0],[0,0],[-169.591,-39.363]],"v":[[-188.801,1.097],[-192.436,17.868],[166.784,101.246],[171.571,80.622],[1.847,-2.553]],"c":true}]},{"i":{"x":0.833,"y":0.833},"o":{"x":0.167,"y":0.167},"n":"0p833_0p833_0p167_0p167","t":23,"s":[{"i":[[0,0],[0,0],[0,0],[0,0],[185.72,43.107]],"o":[[0,0],[0,0],[0,0],[0,0],[-169.591,-39.363]],"v":[[-188.801,1.097],[-192.436,17.868],[166.784,101.246],[171.571,80.622],[1.847,-2.553]],"c":true}],"e":[{"i":[[0,0],[0,0],[0,0],[0,0],[188.055,17.483]],"o":[[0,0],[0,0],[0,0],[0,0],[-171.724,-15.965]],"v":[[-162.981,26.242],[-164.306,43.189],[199.431,77.005],[201.373,56.122],[23.662,-2.828]],"c":true}]},{"i":{"x":0.833,"y":0.833},"o":{"x":0.167,"y":0.167},"n":"0p833_0p833_0p167_0p167","t":25,"s":[{"i":[[0,0],[0,0],[0,0],[0,0],[188.055,17.483]],"o":[[0,0],[0,0],[0,0],[0,0],[-171.724,-15.965]],"v":[[-162.981,26.242],[-164.306,43.189],[199.431,77.005],[201.373,56.122],[23.662,-2.828]],"c":true}],"e":[{"i":[[0,0],[0,0],[0,0],[0,0],[189.312,-19.555]],"o":[[0,0],[0,0],[0,0],[0,0],[-172.871,17.857]],"v":[[-126.171,66.504],[-124.162,83.515],[242.006,45.692],[239.835,24.669],[52.625,1.209]],"c":true}]},{"i":{"x":0.833,"y":0.833},"o":{"x":0.167,"y":0.167},"n":"0p833_0p833_0p167_0p167","t":28,"s":[{"i":[[0,0],[0,0],[0,0],[0,0],[189.312,-19.555]],"o":[[0,0],[0,0],[0,0],[0,0],[-172.871,17.857]],"v":[[-126.171,66.504],[-124.162,83.515],[242.006,45.692],[239.835,24.669],[52.625,1.209]],"c":true}],"e":[{"i":[[0,0],[0,0],[0,0],[0,0],[185.556,-40.853]],"o":[[0,0],[0,0],[0,0],[0,0],[-169.442,37.305]],"v":[[-94.592,84.081],[-90.671,100.726],[268.233,21.708],[263.697,1.102],[75.351,-0.948]],"c":true}]},{"i":{"x":0.833,"y":0.833},"o":{"x":0.167,"y":0.167},"n":"0p833_0p833_0p167_0p167","t":31,"s":[{"i":[[0,0],[0,0],[0,0],[0,0],[185.556,-40.853]],"o":[[0,0],[0,0],[0,0],[0,0],[-169.442,37.305]],"v":[[-94.592,84.081],[-90.671,100.726],[268.233,21.708],[263.697,1.102],[75.351,-0.948]],"c":true}],"e":[{"i":[[0,0],[0,0],[0,0],[0,0],[186.618,-28.241]],"o":[[0,0],[0,0],[0,0],[0,0],[-170.411,25.788]],"v":[[-105.717,71.059],[-102.93,87.816],[258.027,33.193],[254.891,12.469],[68.341,-1.999]],"c":true}]},{"i":{"x":0.833,"y":0.833},"o":{"x":0.167,"y":0.167},"n":"0p833_0p833_0p167_0p167","t":35,"s":[{"i":[[0,0],[0,0],[0,0],[0,0],[186.618,-28.241]],"o":[[0,0],[0,0],[0,0],[0,0],[-170.411,25.788]],"v":[[-105.717,71.059],[-102.93,87.816],[258.027,33.193],[254.891,12.469],[68.341,-1.999]],"c":true}],"e":[{"i":[[0,0],[0,0],[0,0],[0,0],[189.928,5.24]],"o":[[0,0],[0,0],[0,0],[0,0],[-173.434,-4.785]],"v":[[-138.585,38.835],[-138.806,55.934],[228.554,66.07],[229.136,44.979],[46.878,-2.566]],"c":true}]},{"t":43}],"ix":1},"o":{"a":0,"k":100,"ix":3},"x":{"a":0,"k":0,"ix":4},"nm":"Mask 1"}],"ef":[{"ty":20,"nm":"Tint","np":6,"mn":"ADBE Tint","ix":1,"en":1,"ef":[{"ty":2,"nm":"Map Black To","mn":"ADBE Tint-0001","ix":1,"v":{"a":0,"k":[1,1,1,1],"ix":1}},{"ty":2,"nm":"Map White To","mn":"ADBE Tint-0002","ix":2,"v":{"a":0,"k":[1,1,1,0],"ix":2}},{"ty":0,"nm":"Amount to Tint","mn":"ADBE Tint-0003","ix":3,"v":{"a":0,"k":100,"ix":3}},{"ty":6,"nm":"","mn":"ADBE Tint-0004","ix":4,"v":0}]}],"shapes":[{"ty":"gr","it":[{"ind":0,"ty":"sh","ix":1,"ks":{"a":0,"k":{"i":[[-24.102,0],[0,24.103],[0.846,3.391],[15.395,-0.224],[13.004,-0.85],[0,-3.201]],"o":[[24.102,0],[0,-3.652],[-13.363,-0.453],[-14.914,0.219],[-0.654,3.005],[0,24.103]],"v":[[0,27.411],[43.64,-16.229],[42.339,-26.817],[-0.778,-27.188],[-42.632,-25.552],[-43.64,-16.229]],"c":true},"ix":2},"nm":"Path 1","mn":"ADBE Vector Shape - Group","hd":false},{"ty":"fl","c":{"a":0,"k":[1,1,1,1],"ix":4},"o":{"a":0,"k":100,"ix":5},"r":1,"nm":"Fill 1","mn":"ADBE Vector Graphic - Fill","hd":false},{"ty":"tr","p":{"a":0,"k":[43.89,27.661],"ix":2},"a":{"a":0,"k":[0,0],"ix":1},"s":{"a":0,"k":[100,100],"ix":3},"r":{"a":0,"k":0,"ix":6},"o":{"a":0,"k":100,"ix":7},"sk":{"a":0,"k":0,"ix":4},"sa":{"a":0,"k":0,"ix":5},"nm":"Transform"}],"nm":"Group 1","np":2,"cix":2,"ix":1,"mn":"ADBE Vector Group","hd":false}],"ip":0,"op":114,"st":0,"bm":0}],"markers":[]}